ts_utc,k,c,n,p,server_ts
2026-09-01T00:03:05Z,2221,739,12392,0,1788220812
2026-09-01T00:08:05Z,2217,732,12307,0,1788221112
2026-09-01T00:13:05Z,2217,732,12307,0,1788221410
2026-09-01T00:18:05Z,2217,732,12307,0,1788221711
2026-09-01T00:23:05Z,2217,732,12307,0,1788222010
2026-09-01T00:28:05Z,2216,733,12307,0,1788222309
2026-09-01T00:33:05Z,2216,733,12307,0,1788222610
2026-09-01T00:38:05Z,2216,732,12307,0,1788222910
2026-09-01T00:43:05Z,2216,732,12307,0,1788223210
2026-09-01T00:48:05Z,2216,732,12307,0,1788223507
2026-09-01T00:53:05Z,2216,732,12307,0,1788223808
2026-09-01T01:03:04Z,2217,732,12307,0,1788224412
2026-09-01T01:08:04Z,2217,732,12307,0,1788224711
2026-09-01T01:13:04Z,2217,732,12307,0,1788225007
2026-09-01T01:18:04Z,2217,732,12307,0,1788225310
2026-09-01T01:23:04Z,2217,732,12307,0,1788225610
2026-09-01T01:28:04Z,2217,732,12307,0,1788225909
2026-09-01T01:33:04Z,2217,732,12307,0,1788226210
2026-09-01T01:38:04Z,2218,732,12307,0,1788226511
2026-09-01T01:43:04Z,2218,732,12307,0,1788226811
2026-09-01T01:48:04Z,2218,732,12307,0,1788227108
2026-09-01T01:53:04Z,2218,732,12307,0,1788227410
2026-09-01T01:58:04Z,2218,732,12186,0,1788227708
2026-09-01T02:03:04Z,2218,732,10557,0,1788228011
2026-09-01T02:08:04Z,2218,732,10557,0,1788228309
2026-09-01T02:13:04Z,2218,732,10557,0,1788228607
2026-09-01T02:18:04Z,2218,734,10571,0,1788228909
2026-09-01T02:23:04Z,2218,734,10571,0,1788229209
2026-09-01T02:28:04Z,2218,734,10558,0,1788229509
2026-09-01T02:33:04Z,2216,740,10653,0,1788229811
2026-09-01T02:38:04Z,2212,738,10827,0,1788230107
2026-09-01T02:43:04Z,2212,738,10539,0,1788230410
2026-09-01T02:48:04Z,2211,738,10538,0,1788230707
2026-09-01T02:53:04Z,2211,748,10768,0,1788231010
2026-09-01T02:58:04Z,2215,747,10570,0,1788231310
2026-09-01T03:03:04Z,2214,737,10855,0,1788231608
2026-09-01T03:08:04Z,2215,737,10080,0,1788231907
2026-09-01T03:13:04Z,2215,736,10080,0,1788232210
2026-09-01T03:18:04Z,2214,744,10091,0,1788232510
2026-09-01T03:23:04Z,2217,750,9938,0,1788232810
2026-09-01T03:28:04Z,2218,750,9938,0,1788233107
2026-09-01T03:33:04Z,2218,750,9938,0,1788233408
2026-09-01T03:38:04Z,2219,749,9938,0,1788233710
2026-09-01T03:43:04Z,2217,750,9949,0,1788234007
2026-09-01T03:48:04Z,2223,750,9870,0,1788234309
2026-09-01T03:53:04Z,2239,757,11098,0,1788234609
2026-09-01T03:58:04Z,2237,742,11279,0,1788234911
2026-09-01T04:03:04Z,2237,741,11314,0,1788235210
2026-09-01T04:08:04Z,2236,740,11314,0,1788235507
2026-09-01T04:13:04Z,2237,739,11314,0,1788235808
2026-09-01T04:18:05Z,2235,737,11314,0,1788236108
2026-09-01T04:23:04Z,2234,733,11333,0,1788236410
2026-09-01T04:28:05Z,2244,734,11286,0,1788236708
2026-09-01T04:33:05Z,2242,734,11305,0,1788237010
2026-09-01T04:38:05Z,2245,733,11304,0,1788237310
2026-09-01T04:43:05Z,2248,733,11269,0,1788237609
2026-09-01T04:48:05Z,2250,733,11269,0,1788237908
2026-09-01T04:53:05Z,2252,731,11269,0,1788238209
2026-09-01T04:58:05Z,2256,731,11269,0,1788238509
2026-09-01T05:03:05Z,2250,732,11318,0,1788238809
2026-09-01T05:08:05Z,2251,732,11318,0,1788239107
2026-09-01T05:13:05Z,2252,731,10928,0,1788239407
2026-09-01T05:18:05Z,2256,736,10944,0,1788239709
2026-09-01T05:23:05Z,2256,736,10944,0,1788240009
2026-09-01T05:28:05Z,2259,735,10951,0,1788240309
2026-09-01T05:33:05Z,2261,736,10866,0,1788240609
2026-09-01T05:38:05Z,2262,737,10643,0,1788240907
2026-09-01T05:43:05Z,2255,735,10667,0,1788241210
2026-09-01T05:48:05Z,2256,738,9640,0,1788241511
2026-09-01T05:53:05Z,2258,738,9678,0,1788241808
2026-09-01T05:58:05Z,2254,745,9686,0,1788242110
2026-09-01T06:03:05Z,2249,749,9650,0,1788242412
2026-09-01T06:08:05Z,2252,749,9668,0,1788242710
2026-09-01T06:13:05Z,2246,754,9729,0,1788243012
2026-09-01T06:18:05Z,2247,749,9721,0,1788243308
2026-09-01T06:23:05Z,2243,753,9964,0,1788243609
2026-09-01T06:28:05Z,2233,754,9965,0,1788243910
2026-09-01T06:33:05Z,2227,757,9757,0,1788244210
2026-09-01T06:38:05Z,2232,755,9796,0,1788244509
2026-09-01T06:43:05Z,2229,751,9792,0,1788244809
2026-09-01T06:48:05Z,2224,745,9718,0,1788245108
2026-09-01T06:53:05Z,2220,744,9674,0,1788245412
2026-09-01T06:58:05Z,2214,746,10578,0,1788245710
2026-09-01T07:03:05Z,2209,748,10578,0,1788246011
2026-09-01T07:08:05Z,2203,747,10597,0,1788246310
2026-09-01T07:13:05Z,2201,756,10588,0,1788246610
2026-09-01T07:18:05Z,2197,762,13326,0,1788246910
2026-09-01T07:23:05Z,2191,760,13432,0,1788247208
2026-09-01T07:28:05Z,2197,770,10772,0,1788247512
2026-09-01T07:33:05Z,2196,761,12128,0,1788247810
2026-09-01T07:38:05Z,2200,761,12192,0,1788248112
2026-09-01T07:43:05Z,2205,757,12145,0,1788248411
2026-09-01T07:48:05Z,2204,752,12088,0,1788248710
2026-09-01T07:53:05Z,2200,754,12256,0,1788249010
2026-09-01T07:58:05Z,2194,756,11413,0,1788249312
2026-09-01T08:03:05Z,2186,755,11378,0,1788249611
2026-09-01T08:08:05Z,2180,755,11331,0,1788249909
2026-09-01T08:13:05Z,2135,752,11580,0,1788250209
2026-09-01T08:18:05Z,2131,752,11623,0,1788250510
2026-09-01T08:23:05Z,2129,748,11209,0,1788250811
2026-09-01T08:28:05Z,2121,747,11203,0,1788251110
2026-09-01T08:33:05Z,2118,750,12181,0,1788251412
2026-09-01T08:38:05Z,2120,751,12171,0,1788251709
2026-09-01T08:43:05Z,2123,746,11375,0,1788252010
2026-09-01T08:48:05Z,2122,746,10901,0,1788252311
2026-09-01T08:53:05Z,2123,747,10933,0,1788252610
2026-09-01T08:58:05Z,2119,748,10848,0,1788252910
2026-09-01T09:03:05Z,2114,749,10909,0,1788253212
2026-09-01T09:08:05Z,2110,746,10879,0,1788253512
2026-09-01T09:13:05Z,2106,747,10885,0,1788253811
2026-09-01T09:18:05Z,2100,747,10901,0,1788254109
2026-09-01T09:23:05Z,2098,746,10769,0,1788254412
2026-09-01T09:28:05Z,2098,742,10783,0,1788254708
2026-09-01T09:33:05Z,2099,740,10674,0,1788255012
2026-09-01T09:38:05Z,2097,735,11188,0,1788255311
2026-09-01T09:43:05Z,2089,732,10902,0,1788255612
2026-09-01T09:48:05Z,2091,730,10756,0,1788255911
2026-09-01T09:53:05Z,2092,727,10494,0,1788256209
2026-09-01T09:58:05Z,2087,723,11948,0,1788256513
2026-09-01T10:03:05Z,2081,717,12003,0,1788256811
2026-09-01T10:08:05Z,2086,718,12116,0,1788257111
2026-09-01T10:13:05Z,2083,726,13591,0,1788257411
2026-09-01T10:18:05Z,2086,729,16029,0,1788257710
2026-09-01T10:23:05Z,2089,728,13881,0,1788258011
2026-09-01T10:28:05Z,2090,727,13895,0,1788258308
2026-09-01T10:33:06Z,2094,727,13898,0,1788258610
2026-09-01T10:38:05Z,2085,727,14017,0,1788258913
2026-09-01T10:43:05Z,2092,721,14097,0,1788259212
2026-09-01T10:48:05Z,2085,719,15361,0,1788259510
2026-09-01T10:53:05Z,2081,726,14768,0,1788259809
2026-09-01T10:58:05Z,2084,727,14621,0,1788260110
2026-09-01T11:03:05Z,2082,724,13803,0,1788260413
2026-09-01T11:08:05Z,2085,718,14056,0,1788260711
2026-09-01T11:13:05Z,2089,714,13992,0,1788261009
2026-09-01T11:18:05Z,2087,715,13496,0,1788261312
2026-09-01T11:23:05Z,2078,718,13561,0,1788261611
2026-09-01T11:28:05Z,2075,714,11470,0,1788261909
2026-09-01T11:33:05Z,2077,708,11689,0,1788262211
2026-09-01T11:38:05Z,2072,711,11684,0,1788262511
2026-09-01T11:43:05Z,2072,707,11606,0,1788262810
2026-09-01T11:48:05Z,2071,704,11570,0,1788263110
2026-09-01T11:53:05Z,2070,704,15314,0,1788263409
2026-09-01T11:58:05Z,2071,700,15223,0,1788263712
2026-09-01T12:03:05Z,2072,703,13932,0,1788264011
2026-09-01T12:08:05Z,2068,697,13230,0,1788264309
2026-09-01T12:13:05Z,2073,692,13083,0,1788264611
2026-09-01T12:18:05Z,2076,689,13042,0,1788264910
2026-09-01T12:23:05Z,2072,684,12001,0,1788265209
2026-09-01T12:28:04Z,2068,688,13295,0,1788265508
2026-09-01T12:33:04Z,2038,685,12617,0,1788265812
2026-09-01T12:38:04Z,2047,691,12077,0,1788266111
2026-09-01T12:43:04Z,2036,674,11928,0,1788266410
2026-09-01T12:48:04Z,2036,674,11547,0,1788266710
2026-09-01T12:53:04Z,2029,666,11016,0,1788267010
2026-09-01T12:58:04Z,2032,667,11003,0,1788267309
2026-09-01T13:03:04Z,2020,668,10861,0,1788267609
2026-09-01T13:08:04Z,2021,665,10846,0,1788267908
2026-09-01T13:13:04Z,2014,661,10720,0,1788268209
2026-09-01T13:18:04Z,2006,648,10650,0,1788268510
2026-09-01T13:23:04Z,2001,647,10945,0,1788268811
2026-09-01T13:28:04Z,1989,647,10966,0,1788269108
2026-09-01T13:33:04Z,1984,645,10166,0,1788269412
2026-09-01T13:38:04Z,1970,643,10447,0,1788269707
2026-09-01T13:43:04Z,1962,642,10623,0,1788270009
2026-09-01T13:48:04Z,1954,638,11473,0,1788270307
2026-09-01T13:53:04Z,1948,641,11549,0,1788270607
2026-09-01T13:58:04Z,1945,646,10885,0,1788270910
2026-09-01T14:03:05Z,1939,641,10796,0,1788271203
2026-09-01T14:08:04Z,1941,639,11270,0,1788271507
2026-09-01T14:13:04Z,1945,633,11183,0,1788271810
2026-09-01T14:18:04Z,1937,630,10609,0,1788272108
2026-09-01T14:23:04Z,1931,633,11109,0,1788272408
2026-09-01T14:28:05Z,1907,649,11882,0,1788272708
2026-09-01T14:33:05Z,1885,639,12257,0,1788273008
2026-09-01T14:38:04Z,1882,636,12052,0,1788273310
2026-09-01T14:43:04Z,1878,631,12035,0,1788273608
2026-09-01T14:48:04Z,1879,618,11985,0,1788273909
2026-09-01T14:53:04Z,1875,614,11980,0,1788274211
2026-09-01T14:58:04Z,1866,618,11691,0,1788274508
2026-09-01T15:03:04Z,1862,612,11975,0,1788274807
2026-09-01T15:08:05Z,1861,607,11937,0,1788275107
2026-09-01T15:13:05Z,1856,609,11646,0,1788275409
2026-09-01T15:18:11Z,1860,612,11613,0,1788275708
2026-09-01T15:23:06Z,1867,611,11412,0,1788276008
2026-09-01T15:28:18Z,1870,609,11280,0,1788276307
2026-09-01T15:33:05Z,1870,607,9652,0,1788276607
2026-09-01T15:38:05Z,1863,607,9641,0,1788276907
2026-09-01T15:43:05Z,1862,604,9656,0,1788277206
2026-09-01T15:48:05Z,1856,603,9615,0,1788277508
2026-09-01T15:53:05Z,1853,599,9590,0,1788277809
2026-09-01T15:58:05Z,1849,596,9559,0,1788278106
2026-09-01T16:03:05Z,1853,594,9544,0,1788278410
2026-09-01T16:08:05Z,1848,590,9502,0,1788278707
2026-09-01T16:13:05Z,1846,585,9390,0,1788279006
2026-09-01T16:18:05Z,1849,583,9146,0,1788279308
2026-09-01T16:23:05Z,1848,581,9138,0,1788279608
2026-09-01T16:28:05Z,1846,574,9104,0,1788279908
2026-09-01T16:33:05Z,1848,577,9108,0,1788280208
2026-09-01T16:38:05Z,1850,577,9093,0,1788280508
2026-09-01T16:43:05Z,1853,574,9092,0,1788280809
2026-09-01T16:48:05Z,1851,570,9092,0,1788281108
2026-09-01T16:53:05Z,1848,568,9093,0,1788281406
2026-09-01T16:58:05Z,1848,570,9094,0,1788281708
2026-09-01T17:03:05Z,1848,571,9127,0,1788282010
2026-09-01T17:08:05Z,1847,572,9127,0,1788282309
2026-09-01T17:13:05Z,1838,565,9083,0,1788282606
2026-09-01T17:18:05Z,1836,567,9094,0,1788282907
2026-09-01T17:23:05Z,1834,567,9080,0,1788283207
2026-09-01T17:28:05Z,1832,568,9173,0,1788283507
2026-09-01T17:33:05Z,1834,567,8079,0,1788283808
2026-09-01T17:38:05Z,1831,568,8084,0,1788284106
2026-09-01T17:43:05Z,1828,567,8084,0,1788284408
2026-09-01T17:48:05Z,1829,564,7303,0,1788284706
2026-09-01T17:53:05Z,1829,562,7303,0,1788285008
2026-09-01T17:58:05Z,1825,561,7303,0,1788285308
2026-09-01T18:03:05Z,1824,562,7303,0,1788285607
2026-09-01T18:08:05Z,1821,563,7304,0,1788285907
2026-09-01T18:13:05Z,1822,561,7297,0,1788286207
2026-09-01T18:18:05Z,1822,560,7273,0,1788286506
2026-09-01T18:23:05Z,1818,560,7290,0,1788286806
2026-09-01T18:28:05Z,1818,557,7306,0,1788287108
2026-09-01T18:33:05Z,1816,559,7306,0,1788287408
2026-09-01T18:38:05Z,1818,559,7299,0,1788287708
2026-09-01T18:43:05Z,1817,560,7299,0,1788288010
2026-09-01T18:48:05Z,1815,560,7163,0,1788288308
2026-09-01T18:53:05Z,1815,559,7131,0,1788288606
2026-09-01T18:58:05Z,1815,558,7131,0,1788288908
2026-09-01T19:03:05Z,1814,557,7076,0,1788289208
2026-09-01T19:08:05Z,1814,555,6981,0,1788289507
2026-09-01T19:13:05Z,1811,554,6992,0,1788289806
2026-09-01T19:18:05Z,1813,550,6992,0,1788290109
2026-09-01T19:23:05Z,1812,548,6992,0,1788290406
2026-09-01T19:28:05Z,1811,550,6992,0,1788290706
2026-09-01T19:33:05Z,1809,551,6992,0,1788291008
2026-09-01T19:38:05Z,1807,552,6984,0,1788291309
2026-09-01T19:43:05Z,1806,552,6984,0,1788291609
2026-09-01T19:48:05Z,1806,549,6984,0,1788291908
2026-09-01T19:53:05Z,1805,550,6984,0,1788292206
2026-09-01T19:58:05Z,1806,550,6984,0,1788292506
2026-09-01T20:03:05Z,1807,550,7190,0,1788292806
2026-09-01T20:08:05Z,1809,547,7190,0,1788293107
2026-09-01T20:13:05Z,1809,546,7430,0,1788293407
2026-09-01T20:18:05Z,1806,547,7430,0,1788293708
2026-09-01T20:23:05Z,1805,548,7430,0,1788294007
2026-09-01T20:28:05Z,1804,549,7431,0,1788294308
2026-09-01T20:33:05Z,1793,552,7871,0,1788294606
2026-09-01T20:38:05Z,1759,549,7809,0,1788294907
2026-09-01T20:43:05Z,1757,547,7812,0,1788295206
2026-09-01T20:48:05Z,1756,546,7812,0,1788295506
2026-09-01T20:53:05Z,1755,547,7812,0,1788295806
2026-09-01T20:58:05Z,1755,545,7688,0,1788296106
2026-09-01T21:03:05Z,1753,544,7688,0,1788296409
2026-09-01T21:08:05Z,1753,543,7688,0,1788296707
2026-09-01T21:13:05Z,1753,545,7924,0,1788297008
2026-09-01T21:18:05Z,1754,544,7601,0,1788297308
2026-09-01T21:23:05Z,1754,545,7604,0,1788297608
2026-09-01T21:28:05Z,1753,546,7847,0,1788297909
2026-09-01T21:33:05Z,1755,546,7847,0,1788298208
2026-09-01T21:38:05Z,1755,543,7982,0,1788298509
2026-09-01T21:43:05Z,1756,543,7982,0,1788298808
2026-09-01T21:48:05Z,1755,544,7982,0,1788299110
2026-09-01T21:53:05Z,1756,544,7982,0,1788299407
2026-09-01T21:58:05Z,1755,545,7982,0,1788299708
2026-09-01T22:03:05Z,1756,543,7984,0,1788300009
2026-09-01T22:08:05Z,1757,543,7981,0,1788300308
2026-09-01T22:13:05Z,1756,544,7981,0,1788300630
2026-09-01T22:18:05Z,1758,544,7981,0,1788300909
2026-09-01T22:23:05Z,1759,542,7981,0,1788301208
2026-09-01T22:28:05Z,1758,541,7981,0,1788301507
2026-09-01T22:33:05Z,1757,541,7975,0,1788301808
2026-09-01T22:38:05Z,1757,541,7963,0,1788302108
2026-09-01T22:43:05Z,1757,541,7960,0,1788302407
2026-09-01T22:48:04Z,1757,541,7959,0,1788302709
2026-09-01T22:53:04Z,1757,541,7959,0,1788303008
2026-09-01T22:58:04Z,1757,541,7957,0,1788303309
2026-09-01T23:03:04Z,1757,541,7957,0,1788303607
2026-09-01T23:08:04Z,1757,541,7957,0,1788303907
2026-09-01T23:13:04Z,1757,541,7957,0,1788304209
2026-09-01T23:18:04Z,1757,541,7954,0,1788304509
2026-09-01T23:23:04Z,1757,541,7237,0,1788304808
2026-09-01T23:28:04Z,1757,540,7237,0,1788305107
2026-09-01T23:33:04Z,1757,541,7237,0,1788305408
2026-09-01T23:38:04Z,1756,542,7237,0,1788305708
2026-09-01T23:43:04Z,1756,541,7237,0,1788306008
2026-09-01T23:48:04Z,1756,540,7102,0,1788306307
2026-09-01T23:53:04Z,1756,540,7099,0,1788306608
2026-09-01T23:58:04Z,1756,540,7099,0,1788306906
2026-09-02T00:03:04Z,1756,540,7096,0,1788307210
2026-09-02T00:08:04Z,1748,535,7009,0,1788307508
2026-09-02T00:13:04Z,1748,535,7009,0,1788307808
2026-09-02T00:18:04Z,1748,534,7009,0,1788308108
2026-09-02T00:23:04Z,1748,534,7009,0,1788308408
2026-09-02T00:28:04Z,1748,534,7009,0,1788308706
2026-09-02T00:33:04Z,1748,534,7009,0,1788309008
2026-09-02T00:38:04Z,1748,534,7009,0,1788309309
2026-09-02T00:43:04Z,1748,534,7009,0,1788309608
2026-09-02T00:48:04Z,1748,535,6901,0,1788309907
2026-09-02T00:53:04Z,1748,535,6901,0,1788310208
2026-09-02T00:58:04Z,1748,535,6901,0,1788310509
2026-09-02T01:03:04Z,1748,535,6901,0,1788310809
2026-09-02T01:08:04Z,1748,534,6886,0,1788311107
2026-09-02T01:13:04Z,1748,533,6714,0,1788311409
2026-09-02T01:18:04Z,1748,532,6714,0,1788311707
2026-09-02T01:23:04Z,1748,532,6714,0,1788312008
2026-09-02T01:28:04Z,1748,532,6714,0,1788312307
2026-09-02T01:33:04Z,1748,532,6714,0,1788312606
2026-09-02T01:38:05Z,1748,532,6714,0,1788312907
2026-09-02T01:43:04Z,1748,531,6714,0,1788313207
2026-09-02T01:48:04Z,1748,531,6714,0,1788313506
2026-09-02T01:53:04Z,1748,531,6714,0,1788313808
2026-09-02T01:58:05Z,1748,531,6714,0,1788314107
2026-09-02T02:03:04Z,1746,532,6715,0,1788314407
2026-09-02T02:08:04Z,1746,532,6709,0,1788314707
2026-09-02T02:13:04Z,1745,533,6686,0,1788315007
2026-09-02T02:18:05Z,1745,531,6683,0,1788315308
2026-09-02T02:23:05Z,1745,531,6683,0,1788315607
2026-09-02T02:28:05Z,1745,531,6683,0,1788315906
2026-09-02T02:33:05Z,1745,531,6683,0,1788316208
2026-09-02T02:43:05Z,1745,530,6683,0,1788316808
2026-09-02T02:48:05Z,1745,530,6683,0,1788317108
2026-09-02T02:53:05Z,1746,530,6683,0,1788317407
2026-09-02T02:58:05Z,1746,529,6683,0,1788317709
2026-09-02T03:03:05Z,1745,530,6680,0,1788318008
2026-09-02T03:08:05Z,1741,533,6681,0,1788318308
2026-09-02T03:13:05Z,1743,532,6680,0,1788318607
2026-09-02T03:18:05Z,1743,531,6680,0,1788318909
2026-09-02T03:23:05Z,1743,530,6682,0,1788319206
2026-09-02T03:28:05Z,1743,530,6704,0,1788319507
2026-09-02T03:33:05Z,1743,530,6687,0,1788319807
2026-09-02T03:38:05Z,1742,529,6687,0,1788320108
2026-09-02T03:43:05Z,1741,529,6687,0,1788320408
2026-09-02T03:48:05Z,1743,527,6676,0,1788320707
2026-09-02T03:53:05Z,1742,527,6676,0,1788321006
2026-09-02T03:58:05Z,1742,527,6676,0,1788321307
2026-09-02T04:03:05Z,1743,527,6676,0,1788321607
2026-09-02T04:08:05Z,1744,527,6676,0,1788321907
2026-09-02T04:13:05Z,1746,527,6676,0,1788322208
2026-09-02T04:18:05Z,1746,527,6676,0,1788322509
2026-09-02T04:23:05Z,1747,528,6676,0,1788322808
2026-09-02T04:28:05Z,1746,530,6695,0,1788323108
2026-09-02T04:33:05Z,1750,532,6699,0,1788323408
2026-09-02T04:38:05Z,1749,533,6700,0,1788323706
2026-09-02T04:43:05Z,1749,534,6699,0,1788324006
2026-09-02T04:48:05Z,1751,535,7093,0,1788324308
2026-09-02T04:53:05Z,1753,533,7093,0,1788324606
2026-09-02T04:58:05Z,1753,533,7093,0,1788324907
2026-09-02T05:03:05Z,1754,533,7093,0,1788325209
2026-09-02T05:08:05Z,1753,533,7103,0,1788325507
2026-09-02T05:13:05Z,1757,533,7097,0,1788325808
2026-09-02T05:18:05Z,1764,535,7153,0,1788326107
2026-09-02T05:23:05Z,1768,533,7089,0,1788326408
2026-09-02T05:28:05Z,1773,532,7099,0,1788326709
2026-09-02T05:33:05Z,1768,536,7122,0,1788327007
2026-09-02T05:38:05Z,1768,536,7160,0,1788327306
2026-09-02T05:43:05Z,1770,537,7178,0,1788327609
2026-09-02T05:48:05Z,1773,536,7178,0,1788327907
2026-09-02T05:53:05Z,1770,538,7221,0,1788328207
2026-09-02T05:58:05Z,1762,540,7271,0,1788328506
2026-09-02T06:03:05Z,1764,539,7308,0,1788328808
2026-09-02T06:08:05Z,1761,541,7388,0,1788329107
2026-09-02T06:13:05Z,1762,547,7461,0,1788329408
2026-09-02T06:18:05Z,1757,552,9195,0,1788329707
2026-09-02T06:23:05Z,1762,551,8867,0,1788330009
2026-09-02T06:28:05Z,1766,551,9242,0,1788330308
2026-09-02T06:33:05Z,1762,550,9207,0,1788330606
2026-09-02T06:38:05Z,1759,550,9198,0,1788330908
2026-09-02T06:43:05Z,1752,552,9300,0,1788331207
2026-09-02T06:48:05Z,1742,557,9390,1,1788331507
2026-09-02T06:53:05Z,1729,557,9455,1,1788331808
2026-09-02T06:58:05Z,1718,557,9350,1,1788332107
2026-09-02T07:03:05Z,1712,559,9382,1,1788332410
2026-09-02T07:08:05Z,1711,558,8915,1,1788332707
2026-09-02T07:13:05Z,1703,554,8869,79,1788333007
2026-09-02T07:18:05Z,1693,555,8949,79,1788333309
2026-09-02T07:23:05Z,1683,559,8937,78,1788333607
2026-09-02T07:28:05Z,1667,559,7589,78,1788333908
2026-09-02T07:33:05Z,1651,563,7645,78,1788334208
2026-09-02T07:38:05Z,1647,564,7329,78,1788334508
2026-09-02T07:43:05Z,1644,559,7317,78,1788334809
2026-09-02T07:48:05Z,1640,559,7330,78,1788335106
2026-09-02T07:53:05Z,1633,555,7324,78,1788335409
2026-09-02T07:58:05Z,1634,558,7349,78,1788335708
2026-09-02T08:03:05Z,1625,554,7332,78,1788336007
2026-09-02T08:08:05Z,1620,551,7319,78,1788336307
2026-09-02T08:13:05Z,1621,545,7247,78,1788336607
2026-09-02T08:18:05Z,1622,546,7126,78,1788336907
2026-09-02T08:23:05Z,1620,541,7061,78,1788337209
2026-09-02T08:28:05Z,1614,535,7021,78,1788337508
2026-09-02T08:33:05Z,1604,535,7057,78,1788337807
2026-09-02T08:38:05Z,1599,529,7055,78,1788338109
2026-09-02T08:43:05Z,1587,528,7434,78,1788338406
2026-09-02T08:48:05Z,1578,531,8203,78,1788338708
2026-09-02T08:53:05Z,1580,527,7978,78,1788339006
2026-09-02T08:58:05Z,1572,525,7954,78,1788339307
2026-09-02T09:03:05Z,1570,519,7946,78,1788339607
2026-09-02T09:08:05Z,1567,513,7948,78,1788339907
2026-09-02T09:13:05Z,1562,512,7943,78,1788340209
2026-09-02T09:18:05Z,1562,513,9918,78,1788340506
2026-09-02T09:23:05Z,1556,516,13019,78,1788340808
2026-09-02T09:28:05Z,1562,515,10193,78,1788341107
2026-09-02T09:33:05Z,1562,510,9207,78,1788341407
2026-09-02T09:38:05Z,1563,506,9820,78,1788341708
2026-09-02T09:43:04Z,1566,506,9863,78,1788342006
2026-09-02T09:48:04Z,1564,508,9910,78,1788342307
2026-09-02T09:53:04Z,1560,515,9906,78,1788342608
2026-09-02T09:58:04Z,1554,516,12166,78,1788342910
2026-09-02T10:03:04Z,1557,512,9922,78,1788343209
2026-09-02T10:08:04Z,1554,509,9924,78,1788343509
2026-09-02T10:13:04Z,1545,509,9491,78,1788343808
2026-09-02T10:18:04Z,1547,506,9504,78,1788344109
2026-09-02T10:23:04Z,1552,505,9473,78,1788344409
2026-09-02T10:28:04Z,1547,506,9628,78,1788344707
2026-09-02T10:33:04Z,1553,508,9674,78,1788345008
2026-09-02T10:38:04Z,1550,508,9516,78,1788345306
2026-09-02T10:43:04Z,1554,506,9515,78,1788345608
2026-09-02T10:48:04Z,1558,508,9539,78,1788345906
2026-09-02T10:53:04Z,1558,505,9793,78,1788346208
2026-09-02T10:58:04Z,1548,505,11614,78,1788346509
2026-09-02T11:03:04Z,1532,511,11728,78,1788346810
2026-09-02T11:08:04Z,1511,516,11718,78,1788347108
2026-09-02T11:13:04Z,1508,519,10152,78,1788347408
2026-09-02T11:18:04Z,1505,518,10094,78,1788347707
2026-09-02T11:23:04Z,1502,505,10122,78,1788348006
2026-09-02T11:28:04Z,1505,502,10042,78,1788348308
2026-09-02T11:33:04Z,1503,500,9852,78,1788348607
2026-09-02T11:38:04Z,1501,507,9738,78,1788348908
2026-09-02T11:43:04Z,1496,506,9703,78,1788349206
2026-09-02T11:48:04Z,1485,511,9726,78,1788349507
2026-09-02T11:53:04Z,1475,506,9729,78,1788349806
2026-09-02T11:58:04Z,1474,495,9719,78,1788350108
2026-09-02T12:03:04Z,1466,488,9695,78,1788350407
2026-09-02T12:08:04Z,1454,498,11269,78,1788350708
2026-09-02T12:13:04Z,1450,494,13269,78,1788351006
2026-09-02T12:18:04Z,1449,493,11316,78,1788351306
2026-09-02T12:23:04Z,1441,497,10560,78,1788351608
2026-09-02T12:28:04Z,1431,493,11755,78,1788351906
2026-09-02T12:33:04Z,1424,494,11405,78,1788352208
2026-09-02T12:38:04Z,1423,492,9899,78,1788352507
2026-09-02T12:43:04Z,1422,490,9933,78,1788352806
2026-09-02T12:48:04Z,1422,487,9880,78,1788353108
2026-09-02T12:53:04Z,1419,486,10308,78,1788353406
2026-09-02T12:58:04Z,1414,482,10030,78,1788353709
2026-09-02T13:03:04Z,1403,488,9927,78,1788354008
2026-09-02T13:08:05Z,1397,486,9911,78,1788354308
2026-09-02T13:13:04Z,1393,485,12366,78,1788354607
2026-09-02T13:18:04Z,1391,479,12242,78,1788354907
2026-09-02T13:23:04Z,1385,476,12216,78,1788355206
2026-09-02T13:28:05Z,1375,467,12141,78,1788355508
2026-09-02T13:33:05Z,1366,468,12173,0,1788355807
2026-09-02T13:38:05Z,1361,469,11762,0,1788356106
2026-09-02T13:43:05Z,1355,469,11770,0,1788356407
2026-09-02T13:48:05Z,1355,466,11751,0,1788356706
2026-09-02T13:53:05Z,1346,460,11550,0,1788357007
2026-09-02T13:58:05Z,1348,467,11525,0,1788357306
2026-09-02T14:03:05Z,1337,464,11447,0,1788357608
2026-09-02T14:08:05Z,1336,460,11409,0,1788357908
2026-09-02T14:13:05Z,1336,447,8938,0,1788358208
2026-09-02T14:18:05Z,1332,440,8919,0,1788358507
2026-09-02T14:23:05Z,1333,435,8910,0,1788358807
2026-09-02T14:28:05Z,1330,433,8901,0,1788359107
2026-09-02T14:33:05Z,1329,434,8811,0,1788359406
2026-09-02T14:38:05Z,1300,437,8778,0,1788359707
2026-09-02T14:43:05Z,1293,441,8676,0,1788360008
2026-09-02T14:48:05Z,1292,440,8669,0,1788360306
2026-09-02T14:53:05Z,1284,433,8783,0,1788360607
2026-09-02T14:58:05Z,1282,446,8925,0,1788360907
2026-09-02T15:03:05Z,1285,464,9142,0,1788361207
2026-09-02T15:08:05Z,1284,465,9224,0,1788361507
2026-09-02T15:13:05Z,1266,435,8687,0,1788361806
2026-09-02T15:18:05Z,1264,438,8661,0,1788362105
2026-09-02T15:23:05Z,1264,440,8676,0,1788362406
2026-09-02T15:28:05Z,1267,438,8706,0,1788362706
2026-09-02T15:33:05Z,1264,439,8733,0,1788363006
2026-09-02T15:38:05Z,1268,437,8560,0,1788363306
2026-09-02T15:43:05Z,1270,436,8470,0,1788363606
2026-09-02T15:48:05Z,1267,436,8481,0,1788363906
2026-09-02T15:53:05Z,1267,442,8653,0,1788364205
2026-09-02T15:58:05Z,1275,441,8582,0,1788364507
2026-09-02T16:03:05Z,1281,437,8584,0,1788364807
2026-09-02T16:08:05Z,1279,434,8616,0,1788365107
2026-09-02T16:13:05Z,1275,439,8622,0,1788365406
2026-09-02T16:18:05Z,1278,439,8642,0,1788365705
2026-09-02T16:23:05Z,1278,437,8615,0,1788366006
2026-09-02T16:28:05Z,1278,432,8639,0,1788366307
2026-09-02T16:33:05Z,1270,429,8872,0,1788366608
2026-09-02T16:38:05Z,1277,426,8872,0,1788366906
2026-09-02T16:43:05Z,1275,424,8834,0,1788367206
2026-09-02T16:48:05Z,1277,421,8888,0,1788367507
2026-09-02T16:53:05Z,1277,420,8762,0,1788367806
2026-09-02T16:58:05Z,1278,423,8763,0,1788368107
2026-09-02T17:03:05Z,1276,420,8778,0,1788368405
2026-09-02T17:08:05Z,1279,421,8887,0,1788368705
2026-09-02T17:13:05Z,1280,420,8884,0,1788369006
2026-09-02T17:18:05Z,1274,425,8901,0,1788369307
2026-09-02T17:23:05Z,1270,429,8912,0,1788369606
2026-09-02T17:28:05Z,1270,429,8784,0,1788369905
2026-09-02T17:33:05Z,1272,426,8759,0,1788370207
2026-09-02T17:38:05Z,1277,425,8979,0,1788370506
2026-09-02T17:43:05Z,1273,424,8945,0,1788370806
2026-09-02T17:48:06Z,1270,422,8864,0,1788371105
2026-09-02T17:53:05Z,1267,420,8879,0,1788371406
2026-09-02T17:58:05Z,1272,418,8866,0,1788371707
2026-09-02T18:03:05Z,1270,419,8884,0,1788372007
2026-09-02T18:08:05Z,1273,417,8902,0,1788372306
2026-09-02T18:13:05Z,1271,417,8892,0,1788372607
2026-09-02T18:18:05Z,1269,416,8889,0,1788372907
2026-09-02T18:23:05Z,1264,421,8897,0,1788373205
2026-09-02T18:28:05Z,1264,420,8762,0,1788373507
2026-09-02T18:33:05Z,1263,419,8774,0,1788373807
2026-09-02T18:38:05Z,1264,414,8774,0,1788374106
2026-09-02T18:43:05Z,1266,414,8774,0,1788374407
2026-09-02T18:48:05Z,1265,417,8774,0,1788374705
2026-09-02T18:53:05Z,1264,417,8774,0,1788375007
2026-09-02T18:58:05Z,1264,416,8776,0,1788375305
2026-09-02T19:03:05Z,1264,415,8780,0,1788375606
2026-09-02T19:08:05Z,1262,417,8780,0,1788375906
2026-09-02T19:13:05Z,1260,420,8644,0,1788376205
2026-09-02T19:18:05Z,1258,419,8656,0,1788376504
2026-09-02T19:23:05Z,1259,417,8606,0,1788376805
2026-09-02T19:28:05Z,1258,415,8606,0,1788377106
2026-09-02T19:33:05Z,1260,415,8606,0,1788377404
2026-09-02T19:38:05Z,1259,415,8606,0,1788377704
2026-09-02T19:43:05Z,1259,416,8607,0,1788378006
2026-09-02T19:48:05Z,1259,415,8606,0,1788378305
2026-09-02T19:53:05Z,1258,415,8606,0,1788378605
2026-09-02T19:58:05Z,1257,418,8657,0,1788378907
2026-09-02T20:03:05Z,1257,416,8657,0,1788379207
2026-09-02T20:08:05Z,1255,416,8657,0,1788379506
2026-09-02T20:13:05Z,1247,418,8577,0,1788379805
2026-09-02T20:18:04Z,1246,419,8577,0,1788380106
2026-09-02T20:23:05Z,1245,416,8320,0,1788380407
2026-09-02T20:28:04Z,1244,414,8320,0,1788380705
2026-09-02T20:33:04Z,1243,412,8320,0,1788381005
2026-09-02T20:38:04Z,1242,412,8320,0,1788381308
2026-09-02T20:43:04Z,1240,414,8267,0,1788381606
2026-09-02T20:48:04Z,1240,414,8271,0,1788381905
2026-09-02T20:53:04Z,1239,417,8269,0,1788382204
2026-09-02T20:58:04Z,1239,415,8269,0,1788382505
2026-09-02T21:03:04Z,1239,412,8269,0,1788382807
2026-09-02T21:08:04Z,1239,411,8269,0,1788383106
2026-09-02T21:13:04Z,1239,411,8269,0,1788383406
2026-09-02T21:18:04Z,1238,411,8269,0,1788383705
2026-09-02T21:23:04Z,1236,413,8268,0,1788384006
2026-09-02T21:28:04Z,1235,415,8272,0,1788384306
2026-09-02T21:33:04Z,1229,411,8523,0,1788384606
2026-09-02T21:38:04Z,1229,408,8523,0,1788384907
2026-09-02T21:43:04Z,1229,407,8523,0,1788385206
2026-09-02T21:48:04Z,1229,406,8225,0,1788385507
2026-09-02T21:53:04Z,1228,406,8225,0,1788385805
2026-09-02T21:58:04Z,1228,406,8225,0,1788386107
2026-09-02T22:03:04Z,1228,406,8225,0,1788386406
2026-09-02T22:08:04Z,1228,406,8220,0,1788386705
2026-09-02T22:13:04Z,1228,406,8220,0,1788387005
2026-09-02T22:18:04Z,1227,407,8209,0,1788387307
2026-09-02T22:23:04Z,1227,406,8209,0,1788387605
2026-09-02T22:28:04Z,1227,405,8209,0,1788387905
2026-09-02T22:33:04Z,1226,405,8209,0,1788388206
2026-09-02T22:38:04Z,1227,406,8218,0,1788388505
2026-09-02T22:43:04Z,1227,406,8218,0,1788388806
2026-09-02T22:48:04Z,1227,405,8218,0,1788389105
2026-09-02T22:53:04Z,1227,405,8218,0,1788389405
2026-09-02T22:58:04Z,1227,405,8218,0,1788389705
2026-09-02T23:03:04Z,1227,405,8218,0,1788390005
2026-09-02T23:08:04Z,1227,405,8218,0,1788390307
2026-09-02T23:13:04Z,1227,405,8218,0,1788390606
2026-09-02T23:18:04Z,1227,405,8218,0,1788390907
2026-09-02T23:23:04Z,1227,405,8218,0,1788391205
2026-09-02T23:28:04Z,1227,405,8218,0,1788391507
2026-09-02T23:33:04Z,1227,405,8218,0,1788391805
2026-09-02T23:38:04Z,1227,407,8614,0,1788392104
2026-09-02T23:43:04Z,1227,407,8614,0,1788392407
2026-09-02T23:48:05Z,1227,407,8614,0,1788392705
2026-09-02T23:53:04Z,1227,407,8605,0,1788393005
2026-09-02T23:58:04Z,1228,407,8605,0,1788393305
2026-09-03T00:03:05Z,1228,405,8209,0,1788393606
2026-09-03T00:08:05Z,1221,402,8166,0,1788393906
2026-09-03T00:13:05Z,1221,402,8166,0,1788394205
2026-09-03T00:18:05Z,1221,402,8166,0,1788394507
2026-09-03T00:23:05Z,1221,402,8166,0,1788394807
2026-09-03T00:28:05Z,1221,407,8171,0,1788395105
2026-09-03T00:33:05Z,1221,406,8167,0,1788395405
2026-09-03T00:38:05Z,1221,406,8167,0,1788395707
2026-09-03T00:48:05Z,1221,402,8167,0,1788396305
2026-09-03T00:53:05Z,1221,402,8167,0,1788396607
2026-09-03T00:58:05Z,1221,402,8167,0,1788396906
2026-09-03T01:03:05Z,1221,402,8167,0,1788397206
2026-09-03T01:08:05Z,1221,402,8167,0,1788397506
2026-09-03T01:13:05Z,1221,402,8167,0,1788397806
2026-09-03T01:18:05Z,1221,402,8167,0,1788398107
2026-09-03T01:23:05Z,1221,402,8167,0,1788398407
2026-09-03T01:28:05Z,1221,403,8194,0,1788398706
2026-09-03T01:33:05Z,1221,403,8194,0,1788399006
2026-09-03T01:38:05Z,1221,403,8194,0,1788399308
2026-09-03T01:43:05Z,1221,404,8467,0,1788399606
2026-09-03T01:48:05Z,1221,404,8467,0,1788399905
2026-09-03T01:53:05Z,1221,404,8467,0,1788400207
2026-09-03T01:58:05Z,1220,405,8468,0,1788400505
2026-09-03T02:03:05Z,1220,405,8467,0,1788400805
2026-09-03T02:08:05Z,1220,405,8467,0,1788401106
2026-09-03T02:13:05Z,1220,404,8467,0,1788401407
2026-09-03T02:18:05Z,1220,404,8466,0,1788401705
2026-09-03T02:23:05Z,1220,404,8466,0,1788402006
2026-09-03T02:28:05Z,1220,404,8447,0,1788402305
2026-09-03T02:33:05Z,1220,403,8447,0,1788402606
2026-09-03T02:38:05Z,1220,402,8447,0,1788402905
2026-09-03T02:43:05Z,1220,402,8447,0,1788403206
2026-09-03T02:48:05Z,1221,402,8434,0,1788403506
2026-09-03T02:53:05Z,1221,402,8430,0,1788403807
2026-09-03T02:58:05Z,1221,401,8430,0,1788404106
2026-09-03T03:03:05Z,1221,401,8157,0,1788404405
2026-09-03T03:08:05Z,1219,403,8157,0,1788404706
2026-09-03T03:13:05Z,1219,403,8157,0,1788405005
2026-09-03T03:18:05Z,1218,404,8429,0,1788405307
2026-09-03T03:23:05Z,1219,402,8145,0,1788405606
2026-09-03T03:28:05Z,1219,402,8331,0,1788405906
2026-09-03T03:33:05Z,1222,400,8331,0,1788406206
2026-09-03T03:38:05Z,1225,399,8331,0,1788406505
2026-09-03T03:43:05Z,1225,398,6001,0,1788406805
2026-09-03T03:48:05Z,1230,398,6001,0,1788407104
2026-09-03T03:53:05Z,1232,396,6001,0,1788407407
2026-09-03T03:58:05Z,1234,396,6001,0,1788407705
2026-09-03T04:03:05Z,1239,396,5991,0,1788408007
2026-09-03T04:08:05Z,1242,397,5991,0,1788408306
2026-09-03T04:13:05Z,1241,397,5991,0,1788408607
2026-09-03T04:18:05Z,1243,397,5920,0,1788408906
2026-09-03T04:23:05Z,1244,397,5920,0,1788409205
2026-09-03T04:28:05Z,1242,395,5920,0,1788409506
2026-09-03T04:33:05Z,1244,396,5908,0,1788409806
2026-09-03T04:38:05Z,1243,396,5908,0,1788410105
2026-09-03T04:43:05Z,1248,394,5908,0,1788410406
2026-09-03T04:48:05Z,1250,394,5898,0,1788410706
2026-09-03T04:53:05Z,1253,394,5897,0,1788411006
2026-09-03T04:58:05Z,1255,393,5897,0,1788411305
2026-09-03T05:03:05Z,1251,393,5916,0,1788411606
2026-09-03T05:08:05Z,1252,392,5916,0,1788411906
2026-09-03T05:13:05Z,1253,392,5916,0,1788412206
2026-09-03T05:18:05Z,1252,393,5928,0,1788412506
2026-09-03T05:23:05Z,1246,394,5929,0,1788412805
2026-09-03T05:28:05Z,1244,394,5929,0,1788413106
2026-09-03T05:33:05Z,1240,400,5934,0,1788413409
2026-09-03T05:38:05Z,1241,401,5949,0,1788413706
2026-09-03T05:43:05Z,1244,402,5855,0,1788414006
2026-09-03T05:48:05Z,1242,408,5882,0,1788414307
2026-09-03T05:53:05Z,1240,410,6008,0,1788414606
2026-09-03T05:58:05Z,1237,415,6059,0,1788414904
2026-09-03T06:03:05Z,1233,422,6011,0,1788415207
2026-09-03T06:08:05Z,1240,421,6016,0,1788415506
2026-09-03T06:13:05Z,1245,423,6096,0,1788415805
2026-09-03T06:18:05Z,1242,425,6167,0,1788416106
2026-09-03T06:23:05Z,1240,428,6166,0,1788416407
2026-09-03T06:28:05Z,1235,430,6253,0,1788416707
2026-09-03T06:33:05Z,1228,431,6402,0,1788417006
2026-09-03T06:38:05Z,1223,430,6333,0,1788417308
2026-09-03T06:43:05Z,1219,430,6310,0,1788417607
2026-09-03T06:48:05Z,1218,431,6283,0,1788417908
2026-09-03T06:53:05Z,1219,430,6290,0,1788418205
2026-09-03T06:58:05Z,1216,431,6321,0,1788418506
2026-09-03T07:03:05Z,1211,432,6216,0,1788418807
2026-09-03T07:08:05Z,1211,433,6218,0,1788419105
2026-09-03T07:13:05Z,1198,436,6501,0,1788419407
2026-09-03T07:18:05Z,1193,435,6455,0,1788419707
2026-09-03T07:23:05Z,1181,439,6507,0,1788420006
2026-09-03T07:28:05Z,1177,446,6464,0,1788420306
2026-09-03T07:33:04Z,1182,443,6527,0,1788420607
2026-09-03T07:38:04Z,1182,440,6497,0,1788420906
2026-09-03T07:43:04Z,1175,433,6443,0,1788421206
2026-09-03T07:48:04Z,1179,430,6415,0,1788421507
2026-09-03T07:53:04Z,1177,430,6392,0,1788421806
2026-09-03T07:58:04Z,1174,426,6119,0,1788422107
2026-09-03T08:03:04Z,1177,424,6097,0,1788422406
2026-09-03T08:08:04Z,1183,424,5996,0,1788422707
2026-09-03T08:13:04Z,1181,420,5849,0,1788423007
2026-09-03T08:18:04Z,1183,416,5799,0,1788423307
2026-09-03T08:23:04Z,1182,415,5815,0,1788423606
2026-09-03T08:28:04Z,1176,414,5807,0,1788423907
2026-09-03T08:33:04Z,1173,414,5708,0,1788424208
2026-09-03T08:38:04Z,1175,409,5656,0,1788424506
2026-09-03T08:43:04Z,1170,410,5656,0,1788424806
2026-09-03T08:48:04Z,1172,406,5637,0,1788425105
2026-09-03T08:53:04Z,1174,404,5657,0,1788425406
2026-09-03T08:58:04Z,1171,401,5608,0,1788425707
2026-09-03T09:03:04Z,1174,400,5624,0,1788426007
2026-09-03T09:08:04Z,1174,399,5625,0,1788426306
2026-09-03T09:13:04Z,1173,397,5640,0,1788426606
2026-09-03T09:18:04Z,1173,398,5563,0,1788426905
2026-09-03T09:23:04Z,1172,400,5614,0,1788427206
2026-09-03T09:28:04Z,1171,401,5586,0,1788427505
2026-09-03T09:33:04Z,1173,403,5584,0,1788427807
2026-09-03T09:38:04Z,1175,403,5612,0,1788428106
2026-09-03T09:43:04Z,1171,401,5588,0,1788428406
2026-09-03T09:48:04Z,1157,393,6021,0,1788428705
2026-09-03T09:53:04Z,1155,396,5534,0,1788429006
2026-09-03T09:58:04Z,1152,397,5521,0,1788429321
2026-09-03T10:03:04Z,1149,398,5527,0,1788429607
2026-09-03T10:08:04Z,1144,406,5499,0,1788429906
2026-09-03T10:13:04Z,1145,404,5523,0,1788430206
2026-09-03T10:18:05Z,1148,405,5473,0,1788430505
2026-09-03T10:23:04Z,1150,402,5842,0,1788430806
2026-09-03T10:28:05Z,1146,400,5819,0,1788431106
2026-09-03T10:33:05Z,1139,391,5915,0,1788431406
2026-09-03T10:38:05Z,1140,394,5877,0,1788431706
2026-09-03T10:43:05Z,1142,390,5860,0,1788432006
2026-09-03T10:48:05Z,1148,387,5847,0,1788432306
2026-09-03T10:53:05Z,1155,386,6054,0,1788432607
2026-09-03T10:58:05Z,1152,384,6028,0,1788432905
2026-09-03T11:03:05Z,1159,379,6007,0,1788433208
2026-09-03T11:08:05Z,1157,378,5983,0,1788433506
2026-09-03T11:13:05Z,1161,382,6257,0,1788433806
2026-09-03T11:18:05Z,1159,382,6369,0,1788434105
2026-09-03T11:23:05Z,1158,380,6220,0,1788434406
2026-09-03T11:28:05Z,1154,384,6213,0,1788434705
2026-09-03T11:33:05Z,1149,378,6124,0,1788435005
2026-09-03T11:38:05Z,1147,377,5973,0,1788435307
2026-09-03T11:43:05Z,1144,378,7019,0,1788435606
2026-09-03T11:48:05Z,1145,379,6979,0,1788435905
2026-09-03T11:53:05Z,1140,374,6937,0,1788436205
2026-09-03T11:58:05Z,1135,371,6938,0,1788436506
2026-09-03T12:03:05Z,1137,370,7569,0,1788436807
2026-09-03T12:08:05Z,1135,372,10239,0,1788437106
2026-09-03T12:13:05Z,1130,373,11570,0,1788437407
2026-09-03T12:18:05Z,1127,371,7362,0,1788437707
2026-09-03T12:23:05Z,1125,377,7338,0,1788438007
2026-09-03T12:28:05Z,1122,379,5831,0,1788438306
2026-09-03T12:33:05Z,1112,382,5808,0,1788438606
2026-09-03T12:38:05Z,1112,375,5669,0,1788438906
2026-09-03T12:43:05Z,1113,369,6051,0,1788439207
2026-09-03T12:48:05Z,1112,363,6034,0,1788439506
2026-09-03T12:53:05Z,1109,368,5846,0,1788439806
2026-09-03T12:58:05Z,1113,364,5848,0,1788440106
2026-09-03T13:03:05Z,1115,362,5473,0,1788440405
2026-09-03T13:08:05Z,1108,365,5561,0,1788440706
2026-09-03T13:13:05Z,1112,368,5570,0,1788441005
2026-09-03T13:18:05Z,1108,364,4882,0,1788441306
2026-09-03T13:23:05Z,1108,360,4774,0,1788441605
2026-09-03T13:28:05Z,1107,360,4798,0,1788441906
2026-09-03T13:33:05Z,1111,355,4833,0,1788442206
2026-09-03T13:38:05Z,1104,359,4854,0,1788442504
2026-09-03T13:43:05Z,1102,353,4823,0,1788442805
2026-09-03T13:48:05Z,1098,349,4748,0,1788443105
2026-09-03T13:53:05Z,1103,349,4596,0,1788443406
2026-09-03T13:58:05Z,1108,345,4360,0,1788443705
2026-09-03T14:03:05Z,1102,346,4374,0,1788444006
2026-09-03T14:08:05Z,1103,340,4385,0,1788444305
2026-09-03T14:13:05Z,1104,331,4330,0,1788444604
2026-09-03T14:18:05Z,1105,333,4343,0,1788444905
2026-09-03T14:23:05Z,1104,325,4270,0,1788445205
2026-09-03T14:28:05Z,1102,326,4272,0,1788445504
2026-09-03T14:33:05Z,1096,329,4225,0,1788445805
2026-09-03T14:38:05Z,1102,323,4161,0,1788446104
2026-09-03T14:43:05Z,1104,320,4133,0,1788446405
2026-09-03T14:48:05Z,1103,316,4030,0,1788446705
2026-09-03T14:53:05Z,1096,314,4033,0,1788447004
2026-09-03T14:58:05Z,1100,308,4033,0,1788447305
2026-09-03T15:03:05Z,1096,306,4058,0,1788447605
2026-09-03T15:08:05Z,1096,303,4112,0,1788447906
2026-09-03T15:13:05Z,1094,300,4112,0,1788448206
2026-09-03T15:18:05Z,1090,304,4134,0,1788448505
2026-09-03T15:23:05Z,1091,304,4173,0,1788448805
2026-09-03T15:28:05Z,1090,300,4134,0,1788449105
2026-09-03T15:33:05Z,1089,296,4150,0,1788449405
2026-09-03T15:38:05Z,1086,299,4150,0,1788449704
2026-09-03T15:43:05Z,1090,300,4110,0,1788450005
2026-09-03T15:48:05Z,1088,301,4073,0,1788450306
2026-09-03T15:53:05Z,1077,303,4057,0,1788450605
2026-09-03T15:58:05Z,1076,302,4019,0,1788450905
2026-09-03T16:03:05Z,1079,298,3974,0,1788451206
2026-09-03T16:08:06Z,1077,292,3917,0,1788451505
2026-09-03T16:13:05Z,1074,289,3917,0,1788451804
2026-09-03T16:18:05Z,1070,289,3930,0,1788452104
2026-09-03T16:23:05Z,1070,290,3858,0,1788452404
2026-09-03T16:28:05Z,1070,285,3849,0,1788452706
2026-09-03T16:33:05Z,1069,287,3858,0,1788453006
2026-09-03T16:38:05Z,1072,288,3844,0,1788453304
2026-09-03T16:43:05Z,1071,287,3844,0,1788453605
2026-09-03T16:48:05Z,1072,283,3844,0,1788453906
2026-09-03T16:53:05Z,1074,280,3849,0,1788454204
2026-09-03T16:58:05Z,1077,281,3866,0,1788454506
2026-09-03T17:03:05Z,1078,282,3854,0,1788454805
2026-09-03T17:08:04Z,1078,279,3857,0,1788455106
2026-09-03T17:13:04Z,1076,280,3827,0,1788455405
2026-09-03T17:18:04Z,1074,280,3825,0,1788455706
2026-09-03T17:23:04Z,1075,281,3806,0,1788456006
2026-09-03T17:28:04Z,1074,279,3803,0,1788456305
2026-09-03T17:33:04Z,1058,280,5192,0,1788456604
2026-09-03T17:38:04Z,1057,279,5192,0,1788456906
2026-09-03T17:43:04Z,1058,279,5192,0,1788457205
2026-09-03T17:48:04Z,1058,281,3967,0,1788457505
2026-09-03T17:53:04Z,1056,278,4007,0,1788457806
2026-09-03T17:58:04Z,1056,279,4015,0,1788458105
2026-09-03T18:03:04Z,1056,278,4001,0,1788458406
2026-09-03T18:08:04Z,1055,277,3980,0,1788458706
2026-09-03T18:13:04Z,1057,276,3957,0,1788459005
2026-09-03T18:18:04Z,1058,277,3966,0,1788459306
2026-09-03T18:23:04Z,1057,276,3786,0,1788459605
2026-09-03T18:28:04Z,1058,276,3748,0,1788459905
2026-09-03T18:33:04Z,1059,276,3748,0,1788460205
2026-09-03T18:38:04Z,1058,275,3748,0,1788460505
2026-09-03T18:43:04Z,1056,276,3781,0,1788460805
2026-09-03T18:48:05Z,1057,273,3781,0,1788461105
2026-09-03T18:53:05Z,1058,274,3770,0,1788461405
2026-09-03T18:58:04Z,1057,278,3816,0,1788461705
2026-09-03T19:03:04Z,1056,279,3802,0,1788462006
2026-09-03T19:08:04Z,1055,278,3802,0,1788462305
2026-09-03T19:13:04Z,1053,277,3779,0,1788462605
2026-09-03T19:18:04Z,1053,277,3729,0,1788462905
2026-09-03T19:23:04Z,1052,276,3729,0,1788463205
2026-09-03T19:28:04Z,1049,277,3729,0,1788463505
2026-09-03T19:33:04Z,1049,276,3729,0,1788463805
2026-09-03T19:38:04Z,1050,276,3740,0,1788464104
2026-09-03T19:43:04Z,1051,274,3727,0,1788464405
2026-09-03T19:48:04Z,1050,274,3727,0,1788464706
2026-09-03T19:53:04Z,1050,272,3727,0,1788465005
2026-09-03T19:58:04Z,1050,272,3727,0,1788465305
2026-09-03T20:03:04Z,1050,272,3727,0,1788465605
2026-09-03T20:08:04Z,1049,273,3727,0,1788465904
2026-09-03T20:13:04Z,1049,273,3727,0,1788466205
2026-09-03T20:18:04Z,1048,273,3727,0,1788466506
2026-09-03T20:23:04Z,1047,275,3744,0,1788466805
2026-09-03T20:28:04Z,1047,274,3744,0,1788467104
2026-09-03T20:33:04Z,1047,274,3744,0,1788467404
2026-09-03T20:38:04Z,1047,273,3744,0,1788467705
2026-09-03T20:43:04Z,1047,273,3744,0,1788468005
2026-09-03T20:48:04Z,1046,274,3744,0,1788468305
2026-09-03T20:53:05Z,1047,274,3752,0,1788468604
2026-09-03T20:58:05Z,1047,274,3752,0,1788468905
2026-09-03T21:03:05Z,1047,272,3742,0,1788469206
2026-09-03T21:08:05Z,1045,275,3752,0,1788469506
2026-09-03T21:13:04Z,1045,275,3695,0,1788469805
2026-09-03T21:18:05Z,1046,274,3695,0,1788470105
2026-09-03T21:23:05Z,1046,272,3695,0,1788470406
2026-09-03T21:28:05Z,1046,270,3656,0,1788470705
2026-09-03T21:33:05Z,1045,271,3637,0,1788471006
2026-09-03T21:38:05Z,1045,269,3637,0,1788471304
2026-09-03T21:43:05Z,1045,267,3637,0,1788471606
2026-09-03T21:48:05Z,1045,266,3637,0,1788471905
2026-09-03T21:53:05Z,1043,268,3637,0,1788472206
2026-09-03T21:58:05Z,1043,269,3637,0,1788472505
2026-09-03T22:03:05Z,1040,269,3637,0,1788472806
2026-09-03T22:08:05Z,1039,267,3637,0,1788473105
2026-09-03T22:13:05Z,1039,267,3637,0,1788473425
2026-09-03T22:18:06Z,1039,266,3637,0,1788473707
2026-09-03T22:23:05Z,1039,266,3630,0,1788474005
2026-09-03T22:28:05Z,1039,266,3630,0,1788474305
2026-09-03T22:33:05Z,1039,265,3630,0,1788474604
2026-09-03T22:38:05Z,1039,266,3687,0,1788474904
2026-09-03T22:43:05Z,1039,266,3687,0,1788475205
2026-09-03T22:48:05Z,1039,266,3667,0,1788475505
2026-09-03T22:53:05Z,1039,266,3667,0,1788475806
2026-09-03T22:58:05Z,1039,266,3667,0,1788476105
2026-09-03T23:03:05Z,1039,265,3667,0,1788476406
2026-09-03T23:08:05Z,1039,265,3647,0,1788476706
2026-09-03T23:13:05Z,1039,266,3662,0,1788477005
2026-09-03T23:18:05Z,1040,266,3658,0,1788477305
2026-09-03T23:23:05Z,1040,265,3658,0,1788477605
2026-09-03T23:28:05Z,1040,265,3658,0,1788477905
2026-09-03T23:33:05Z,1040,265,3658,0,1788478205
2026-09-03T23:38:05Z,1040,265,3658,0,1788478505
2026-09-03T23:43:05Z,1040,265,3658,0,1788478806
2026-09-03T23:48:05Z,1040,265,3658,0,1788479104
2026-09-03T23:53:05Z,1040,265,3658,0,1788479405
2026-09-03T23:58:05Z,1040,265,3658,0,1788479706
2026-09-04T00:03:05Z,1040,265,3658,0,1788480006
2026-09-04T00:08:05Z,1031,263,3644,0,1788480305
2026-09-04T00:13:05Z,1031,263,3644,0,1788480605
2026-09-04T00:18:05Z,1031,263,3644,0,1788480905
2026-09-04T00:23:05Z,1031,263,3644,0,1788481206
2026-09-04T00:28:05Z,1031,263,3644,0,1788481506
2026-09-04T00:33:05Z,1031,263,3644,0,1788481805
2026-09-04T00:38:05Z,1031,263,3644,0,1788482105
2026-09-04T00:43:05Z,1031,263,3644,0,1788482406
2026-09-04T00:48:05Z,1031,263,3644,0,1788482706
2026-09-04T00:53:05Z,1031,263,3644,0,1788483005
2026-09-04T00:58:05Z,1031,263,3644,0,1788483305
2026-09-04T01:03:05Z,1031,263,3644,0,1788483606
2026-09-04T01:08:05Z,1031,263,3644,0,1788483905
2026-09-04T01:13:05Z,1031,263,3644,0,1788484204
2026-09-04T01:18:05Z,1031,263,3644,0,1788484505
2026-09-04T01:23:05Z,1031,263,3644,0,1788484805
2026-09-04T01:28:05Z,1031,266,3687,0,1788485105
2026-09-04T01:33:05Z,1031,267,3687,0,1788485405
2026-09-04T01:38:05Z,1031,267,3686,0,1788485706
2026-09-04T01:43:05Z,1031,267,3685,0,1788486005
2026-09-04T01:48:05Z,1031,266,3685,0,1788486305
2026-09-04T01:53:05Z,1031,266,3685,0,1788486604
2026-09-04T01:58:05Z,1031,265,3685,0,1788486905
2026-09-04T02:03:05Z,1031,264,3685,0,1788487205
2026-09-04T02:08:05Z,1031,264,3685,0,1788487506
2026-09-04T02:13:05Z,1031,269,3690,0,1788487805
2026-09-04T02:18:05Z,1030,270,3690,0,1788488105
2026-09-04T02:23:05Z,1030,270,3686,0,1788488404
2026-09-04T02:28:05Z,1030,269,3686,0,1788488705
2026-09-04T02:33:05Z,1032,265,3686,0,1788489005
2026-09-04T02:38:05Z,1032,265,3686,0,1788489305
2026-09-04T02:43:05Z,1032,266,3686,0,1788489604
2026-09-04T02:48:05Z,1031,267,4078,0,1788489904
2026-09-04T02:53:05Z,1031,267,4078,0,1788490205
2026-09-04T02:58:05Z,1031,267,4037,0,1788490505
2026-09-04T03:03:05Z,1029,268,4045,0,1788490806
2026-09-04T03:08:06Z,1029,267,4037,0,1788491104
2026-09-04T03:13:05Z,1031,266,4037,0,1788491405
2026-09-04T03:18:05Z,1031,266,4055,0,1788491706
2026-09-04T03:23:05Z,1031,266,4037,0,1788492005
2026-09-04T03:28:05Z,1033,266,4036,0,1788492304
2026-09-04T03:33:05Z,1034,266,4036,0,1788492604
2026-09-04T03:38:05Z,1035,265,4036,0,1788492904
2026-09-04T03:43:05Z,1037,265,4074,0,1788493205
2026-09-04T03:48:05Z,1037,265,4074,0,1788493505
2026-09-04T03:53:05Z,1035,266,4084,0,1788493804
2026-09-04T03:58:05Z,1036,266,4084,0,1788494105
2026-09-04T04:08:04Z,1033,267,4089,0,1788494704
2026-09-04T04:13:04Z,1032,269,4078,0,1788495004
2026-09-04T04:18:04Z,1032,270,4078,0,1788495304
2026-09-04T04:23:04Z,1035,271,4066,0,1788495606
2026-09-04T04:28:04Z,1033,271,4073,0,1788495904
2026-09-04T04:33:04Z,1034,271,4073,0,1788496205
2026-09-04T04:38:04Z,1038,272,5095,0,1788496506
2026-09-04T04:43:04Z,1040,269,4606,0,1788496805
2026-09-04T04:48:04Z,1040,269,4592,0,1788497104
2026-09-04T04:53:04Z,1045,269,4780,0,1788497405
2026-09-04T04:58:04Z,1044,270,4596,0,1788497705
2026-09-04T05:03:04Z,1044,268,4533,0,1788498006
2026-09-04T05:08:04Z,1040,270,4329,0,1788498305
2026-09-04T05:13:04Z,1043,271,4334,0,1788498605
2026-09-04T05:18:04Z,1046,272,4347,0,1788498905
2026-09-04T05:23:04Z,1047,274,4442,0,1788499204
2026-09-04T05:28:04Z,1048,274,4442,0,1788499506
2026-09-04T05:33:04Z,1051,274,4436,0,1788499804
2026-09-04T05:38:04Z,1058,274,4107,0,1788500104
2026-09-04T05:43:04Z,1057,274,4112,0,1788500404
2026-09-04T05:48:04Z,1061,276,3960,0,1788500705
2026-09-04T05:53:04Z,1055,285,4042,0,1788501005
2026-09-04T05:58:04Z,1059,286,4004,0,1788501305
2026-09-04T06:03:04Z,1063,287,3939,0,1788501604
2026-09-04T06:08:04Z,1061,289,4079,0,1788501906
2026-09-04T06:13:04Z,1060,292,4183,0,1788502206
2026-09-04T06:18:04Z,1058,296,4297,0,1788502506
2026-09-04T06:23:04Z,1062,297,4067,0,1788502804
2026-09-04T06:28:04Z,1066,291,4065,0,1788503105
2026-09-04T06:33:04Z,1071,289,4027,0,1788503405
2026-09-04T06:38:04Z,1074,293,4037,0,1788503705
2026-09-04T06:43:04Z,1078,292,3976,0,1788504006
2026-09-04T06:48:04Z,1086,293,3998,0,1788504307
2026-09-04T06:53:04Z,1084,294,3985,0,1788504607
2026-09-04T06:58:04Z,1087,298,4726,0,1788504907
2026-09-04T07:03:04Z,1085,299,6875,0,1788505205
2026-09-04T07:08:04Z,1086,300,6935,0,1788505506
2026-09-04T07:13:04Z,1085,303,7264,0,1788505807
2026-09-04T07:18:04Z,1088,305,6565,0,1788506105
2026-09-04T07:23:05Z,1091,304,6498,0,1788506406
2026-09-04T07:28:05Z,1085,304,6481,0,1788506706
2026-09-04T07:33:04Z,1079,309,6506,0,1788507007
2026-09-04T07:38:05Z,1081,309,6522,0,1788507305
2026-09-04T07:43:05Z,1080,306,6275,0,1788507606
2026-09-04T07:48:05Z,1081,304,6295,0,1788507906
2026-09-04T07:53:05Z,1084,301,6118,0,1788508206
2026-09-04T07:58:05Z,1085,303,6252,0,1788508505
2026-09-04T08:03:05Z,1086,301,5256,0,1788508806
2026-09-04T08:08:05Z,1088,302,5260,0,1788509106
2026-09-04T08:13:05Z,1091,302,5209,0,1788509406
2026-09-04T08:18:05Z,1090,303,5016,0,1788509707
2026-09-04T08:23:05Z,1095,304,4887,0,1788510005
2026-09-04T08:28:05Z,1096,302,4505,0,1788510306
2026-09-04T08:33:05Z,1092,304,4542,0,1788510606
2026-09-04T08:38:05Z,1086,304,4518,0,1788510905
2026-09-04T08:43:05Z,1089,309,4547,0,1788511206
2026-09-04T08:48:05Z,1091,304,4370,0,1788511507
2026-09-04T08:53:05Z,1090,304,4367,0,1788511806
2026-09-04T08:58:05Z,1093,300,4390,0,1788512106
2026-09-04T09:03:05Z,1095,302,4276,0,1788512406
2026-09-04T09:08:05Z,1095,303,4300,0,1788512705
2026-09-04T09:13:05Z,1103,298,4233,0,1788513006
2026-09-04T09:18:05Z,1100,298,4275,0,1788513305
2026-09-04T09:23:05Z,1099,299,4405,0,1788513606
2026-09-04T09:28:05Z,1095,299,4470,0,1788513905
2026-09-04T09:33:05Z,1095,297,4402,0,1788514205
2026-09-04T09:38:05Z,1100,296,4347,0,1788514505
2026-09-04T09:43:05Z,1105,291,4334,0,1788514806
2026-09-04T09:48:05Z,1097,284,4988,0,1788515106
2026-09-04T09:53:05Z,1093,285,4969,0,1788515405
2026-09-04T09:58:05Z,1089,287,4579,0,1788515707
2026-09-04T10:03:05Z,1088,286,4574,0,1788516006
2026-09-04T10:08:05Z,1088,287,4641,0,1788516305
2026-09-04T10:13:05Z,1076,285,4565,0,1788516607
2026-09-04T10:18:05Z,1075,285,4508,0,1788516905
2026-09-04T10:23:05Z,1082,281,4507,0,1788517206
2026-09-04T10:28:05Z,1087,274,4460,0,1788517506
2026-09-04T10:33:05Z,1086,275,4399,0,1788517806
2026-09-04T10:38:05Z,1082,280,4402,0,1788518106
2026-09-04T10:43:05Z,1078,279,4384,0,1788518405
2026-09-04T10:48:05Z,1078,278,4366,0,1788518706
2026-09-04T10:53:05Z,1072,277,5090,0,1788519005
2026-09-04T10:58:05Z,1067,276,5095,0,1788519305
2026-09-04T11:03:05Z,1064,280,5056,0,1788519605
2026-09-04T11:08:05Z,1060,282,5108,0,1788519905
2026-09-04T11:13:05Z,1056,285,5079,0,1788520205
2026-09-04T11:18:05Z,1054,281,5128,0,1788520506
2026-09-04T11:23:05Z,1051,283,5099,0,1788520805
2026-09-04T11:28:05Z,1050,282,4638,0,1788521106
2026-09-04T11:33:05Z,1047,290,5739,0,1788521406
2026-09-04T11:38:05Z,1044,298,5271,0,1788521704
2026-09-04T11:43:05Z,1041,302,5281,0,1788522006
2026-09-04T11:48:05Z,1038,299,5289,0,1788522305
2026-09-04T11:53:05Z,1038,287,5728,0,1788522605
2026-09-04T11:58:05Z,1033,287,5710,0,1788522904
2026-09-04T12:03:05Z,1035,281,5708,0,1788523205
2026-09-04T12:08:05Z,1039,276,5404,0,1788523507
2026-09-04T12:13:05Z,1034,277,5404,0,1788523805
2026-09-04T12:18:05Z,1034,279,5551,0,1788524106
2026-09-04T12:23:05Z,1034,280,5559,0,1788524406
2026-09-04T12:28:05Z,1031,281,5885,0,1788524706
2026-09-04T12:33:05Z,1025,289,5867,0,1788525005
2026-09-04T12:38:05Z,1023,290,5523,0,1788525306
2026-09-04T12:43:05Z,1018,292,5553,0,1788525605
2026-09-04T12:48:05Z,1019,279,5564,0,1788525906
2026-09-04T12:53:05Z,1023,275,5537,0,1788526205
2026-09-04T12:58:05Z,1021,279,5365,0,1788526505
2026-09-04T13:03:05Z,1016,282,5371,0,1788526806
2026-09-04T13:08:05Z,1019,280,5250,0,1788527105
2026-09-04T13:13:05Z,1022,276,5185,0,1788527406
2026-09-04T13:18:05Z,1021,277,5300,0,1788527705
2026-09-04T13:23:05Z,1023,274,5255,0,1788528005
2026-09-04T13:28:05Z,1018,265,6247,0,1788528305
2026-09-04T13:33:05Z,1017,265,5454,0,1788528605
2026-09-04T13:38:05Z,1013,265,5384,0,1788528905
2026-09-04T13:43:05Z,1008,266,5370,0,1788529206
2026-09-04T13:48:05Z,1010,265,4756,0,1788529506
2026-09-04T13:53:05Z,1007,265,4588,0,1788529806
2026-09-04T13:58:05Z,1001,265,4566,0,1788530105
2026-09-04T14:03:05Z,996,269,4547,0,1788530406
2026-09-04T14:08:05Z,986,273,4488,0,1788530705
2026-09-04T14:13:05Z,985,266,4495,0,1788531006
2026-09-04T14:18:05Z,973,259,4481,0,1788531305
2026-09-04T14:23:05Z,972,248,4332,0,1788531605
2026-09-04T14:28:04Z,976,247,4316,0,1788531906
2026-09-04T14:33:04Z,974,246,8950,0,1788532205
2026-09-04T14:38:04Z,974,243,3777,0,1788532506
2026-09-04T14:43:04Z,970,245,5252,0,1788532806
2026-09-04T14:48:04Z,967,248,5261,0,1788533106
2026-09-04T14:53:04Z,970,249,5231,0,1788533406
2026-09-04T14:58:04Z,969,247,5111,0,1788533705
2026-09-04T15:03:04Z,971,244,4780,0,1788534006
2026-09-04T15:08:04Z,969,239,5126,0,1788534305
2026-09-04T15:13:04Z,962,240,5127,0,1788534605
2026-09-04T15:18:04Z,959,236,4815,0,1788534905
2026-09-04T15:23:04Z,956,238,4804,0,1788535205
2026-09-04T15:28:04Z,960,239,4783,0,1788535506
2026-09-04T15:33:04Z,961,235,4773,0,1788535805
2026-09-04T15:38:04Z,962,230,4531,0,1788536106
2026-09-04T15:43:04Z,965,229,4162,0,1788536406
2026-09-04T15:48:04Z,962,228,3855,0,1788536705
2026-09-04T15:53:04Z,961,223,3855,0,1788537004
2026-09-04T15:58:04Z,957,222,3791,0,1788537304
2026-09-04T16:03:04Z,957,223,3773,0,1788537606
2026-09-04T16:08:04Z,964,220,3776,0,1788537906
2026-09-04T16:13:04Z,971,216,3699,0,1788538205
2026-09-04T16:18:04Z,970,216,3471,0,1788538504
2026-09-04T16:23:04Z,974,217,3458,0,1788538805
2026-09-04T16:28:04Z,974,221,3558,0,1788539105
2026-09-04T16:33:05Z,976,218,3525,0,1788539405
2026-09-04T16:38:04Z,977,217,3429,0,1788539705
2026-09-04T16:43:04Z,979,216,3426,0,1788540006
2026-09-04T16:48:04Z,979,215,3425,0,1788540305
2026-09-04T16:53:04Z,977,215,3447,0,1788540605
2026-09-04T16:58:04Z,978,216,3432,0,1788540905
2026-09-04T17:03:04Z,978,215,3304,0,1788541204
2026-09-04T17:08:04Z,983,216,3240,0,1788541505
2026-09-04T17:13:05Z,982,218,3337,0,1788541806
2026-09-04T17:18:04Z,979,218,3342,0,1788542104
2026-09-04T17:23:04Z,976,224,3355,0,1788542405
2026-09-04T17:28:05Z,974,224,3309,0,1788542705
2026-09-04T17:33:04Z,974,224,3227,0,1788543006
2026-09-04T17:38:05Z,974,222,3227,0,1788543304
2026-09-04T17:43:05Z,973,222,3215,0,1788543605
2026-09-04T17:48:05Z,976,222,3215,0,1788543906
2026-09-04T17:53:05Z,975,223,3215,0,1788544205
2026-09-04T17:58:05Z,974,224,3215,0,1788544504
2026-09-04T18:03:05Z,971,226,2848,0,1788544806
2026-09-04T18:08:05Z,970,225,2850,0,1788545105
2026-09-04T18:13:05Z,969,223,2848,0,1788545404
2026-09-04T18:18:05Z,968,222,2848,0,1788545705
2026-09-04T18:23:05Z,967,223,2864,0,1788546004
2026-09-04T18:28:05Z,966,220,2854,0,1788546305
2026-09-04T18:33:05Z,961,221,2864,0,1788546604
2026-09-04T18:38:05Z,962,221,2864,0,1788546904
2026-09-04T18:43:05Z,961,222,2843,0,1788547204
2026-09-04T18:48:05Z,963,222,2839,0,1788547505
2026-09-04T18:53:05Z,962,222,2831,0,1788547805
2026-09-04T18:58:05Z,952,220,2831,0,1788548105
2026-09-04T19:03:05Z,952,219,2831,0,1788548405
2026-09-04T19:08:05Z,951,219,2820,0,1788548705
2026-09-04T19:13:05Z,946,223,2793,0,1788549004
2026-09-04T19:18:05Z,945,222,2793,0,1788549304
2026-09-04T19:23:05Z,942,223,2801,0,1788549604
2026-09-04T19:28:05Z,942,221,2802,0,1788549904
2026-09-04T19:33:05Z,943,219,2801,0,1788550204
2026-09-04T19:38:05Z,942,219,2831,0,1788550505
2026-09-04T19:43:05Z,942,221,2838,0,1788550804
2026-09-04T19:48:05Z,942,220,2843,0,1788551105
2026-09-04T19:53:05Z,943,219,2841,0,1788551405
2026-09-04T19:58:05Z,942,221,2841,0,1788551705
2026-09-04T20:03:05Z,942,224,2843,0,1788552006
2026-09-04T20:08:05Z,946,226,2946,0,1788552304
2026-09-04T20:13:05Z,946,225,2964,0,1788552605
2026-09-04T20:18:05Z,946,225,2964,0,1788552905
2026-09-04T20:23:05Z,946,226,2961,0,1788553205
2026-09-04T20:28:05Z,948,226,3435,0,1788553505
2026-09-04T20:33:05Z,947,226,3160,0,1788553806
2026-09-04T20:38:05Z,947,225,3272,0,1788554105
2026-09-04T20:43:05Z,946,224,3827,0,1788554405
2026-09-04T20:48:05Z,946,223,3272,0,1788554704
2026-09-04T20:53:05Z,945,225,3295,0,1788555004
2026-09-04T20:58:05Z,944,224,3850,0,1788555305
2026-09-04T21:03:05Z,944,224,3850,0,1788555607
2026-09-04T21:08:05Z,946,223,3850,0,1788555905
2026-09-04T21:13:05Z,948,229,4084,0,1788556205
2026-09-04T21:18:05Z,950,232,4099,0,1788556505
2026-09-04T21:23:05Z,954,232,4099,0,1788556806
2026-09-04T21:28:05Z,950,233,4338,0,1788557104
2026-09-04T21:33:05Z,950,233,3783,0,1788557406
2026-09-04T21:38:05Z,952,294,4387,0,1788557706
2026-09-04T21:43:05Z,949,234,4890,0,1788558005
2026-09-04T21:48:05Z,949,233,4537,0,1788558306
2026-09-04T21:53:05Z,948,233,4537,0,1788558606
2026-09-04T21:58:05Z,949,232,4537,0,1788558906
2026-09-04T22:03:05Z,949,230,4537,0,1788559206
2026-09-04T22:08:05Z,950,231,5006,0,1788559506
2026-09-04T22:13:05Z,946,231,4803,0,1788559824
2026-09-04T22:18:05Z,946,235,4999,0,1788560106
2026-09-04T22:23:05Z,947,235,4969,0,1788560406
2026-09-04T22:28:05Z,946,240,4768,0,1788560705
2026-09-04T22:33:05Z,946,239,4768,0,1788561005
2026-09-04T22:38:05Z,939,239,5742,0,1788561305
2026-09-04T22:43:05Z,939,239,4952,0,1788561606
2026-09-04T22:48:05Z,937,241,5044,0,1788561905
2026-09-04T22:53:05Z,933,241,5439,0,1788562205
2026-09-04T22:58:05Z,934,242,5439,0,1788562506
2026-09-04T23:03:05Z,934,241,5420,0,1788562805
2026-09-04T23:08:05Z,935,241,4473,0,1788563106
2026-09-04T23:13:05Z,934,244,5632,0,1788563406
2026-09-04T23:18:05Z,923,243,6229,0,1788563707
2026-09-04T23:23:05Z,924,241,5507,0,1788564007
2026-09-04T23:28:05Z,924,242,5398,0,1788564306
2026-09-04T23:33:05Z,923,242,6566,0,1788564607
2026-09-04T23:38:05Z,922,243,6511,0,1788564905
2026-09-04T23:43:05Z,922,243,6193,0,1788565205
2026-09-04T23:48:05Z,922,242,5802,0,1788565506
2026-09-04T23:53:05Z,922,240,9174,0,1788565807
2026-09-04T23:58:05Z,921,239,8194,0,1788566105
2026-09-05T00:03:05Z,922,239,8009,0,1788566406
2026-09-05T00:08:05Z,898,234,7901,0,1788566706
2026-09-05T00:13:05Z,897,234,5727,0,1788567005
2026-09-05T00:18:05Z,899,234,5393,0,1788567306
2026-09-05T00:23:05Z,899,234,5393,0,1788567606
2026-09-05T00:28:04Z,899,233,5170,0,1788567905
2026-09-05T00:33:04Z,899,233,5170,0,1788568207
2026-09-05T00:38:04Z,899,233,4893,0,1788568504
2026-09-05T00:43:04Z,899,233,4893,0,1788568805
2026-09-05T00:48:08Z,899,233,4893,0,1788569104
2026-09-05T00:58:04Z,899,233,4630,0,1788569706
2026-09-05T01:03:04Z,900,232,4630,0,1788570006
2026-09-05T01:08:05Z,901,231,4667,0,1788570305
2026-09-05T01:18:04Z,901,231,4667,0,1788570906
2026-09-05T01:23:04Z,901,231,4667,0,1788571205
2026-09-05T01:28:05Z,901,231,4667,0,1788571504
2026-09-05T01:33:04Z,902,231,4667,0,1788571805
2026-09-05T01:38:04Z,902,231,4509,0,1788572104
2026-09-05T01:43:04Z,903,231,4286,0,1788572405
2026-09-05T01:48:04Z,903,231,4286,0,1788572705
2026-09-05T01:53:05Z,904,231,4286,0,1788573005
2026-09-05T01:58:05Z,904,231,4286,0,1788573304
2026-09-05T02:03:05Z,904,231,4286,0,1788573605
2026-09-05T02:08:04Z,904,231,3773,0,1788573906
2026-09-05T02:13:05Z,905,231,3773,0,1788574206
2026-09-05T02:18:05Z,905,230,3773,0,1788574505
2026-09-05T02:23:05Z,906,230,3773,0,1788574805
2026-09-05T02:28:05Z,906,230,3773,0,1788575106
2026-09-05T02:38:04Z,906,230,3773,0,1788575705
2026-09-05T02:43:04Z,906,229,3773,0,1788576005
2026-09-05T02:48:04Z,908,229,3773,0,1788576304
2026-09-05T02:53:04Z,910,229,3773,0,1788576605
2026-09-05T02:58:04Z,909,230,3656,0,1788576904
2026-09-05T03:03:04Z,909,230,3637,0,1788577205
2026-09-05T03:08:04Z,909,230,3604,0,1788577504
2026-09-05T03:13:04Z,909,228,3604,0,1788577805
2026-09-05T03:18:05Z,909,227,3604,0,1788578105
2026-09-05T03:23:04Z,910,228,3609,0,1788578406
2026-09-05T03:28:05Z,911,228,3301,0,1788578705
2026-09-05T03:33:05Z,912,227,3301,0,1788579005
2026-09-05T03:38:05Z,911,226,3301,0,1788579305
2026-09-05T03:43:05Z,914,225,3301,0,1788579605
2026-09-05T03:48:04Z,918,225,3208,0,1788579904
2026-09-05T03:53:05Z,917,225,3208,0,1788580204
2026-09-05T03:58:05Z,917,224,3208,0,1788580504
2026-09-05T04:03:05Z,917,225,3351,0,1788580805
2026-09-05T04:08:05Z,919,225,3351,0,1788581105
2026-09-05T04:13:05Z,919,225,3351,0,1788581405
2026-09-05T04:18:05Z,920,226,3351,0,1788581704
2026-09-05T04:23:05Z,921,226,3351,0,1788582005
2026-09-05T04:28:05Z,923,226,3358,0,1788582305
2026-09-05T04:33:05Z,924,227,3358,0,1788582605
2026-09-05T04:38:05Z,925,228,3358,0,1788582905
2026-09-05T04:43:05Z,923,229,3358,0,1788583205
2026-09-05T04:48:05Z,922,229,3358,0,1788583505
2026-09-05T04:53:05Z,924,228,3358,0,1788583805
2026-09-05T04:58:05Z,925,228,3358,0,1788584106
2026-09-05T05:03:05Z,927,227,3358,0,1788584406
2026-09-05T05:08:05Z,927,228,3555,0,1788584705
2026-09-05T05:13:05Z,929,228,3558,0,1788585004
2026-09-05T05:18:05Z,927,230,3579,0,1788585304
2026-09-05T05:23:05Z,933,231,3832,0,1788585604
2026-09-05T05:28:05Z,936,231,3832,0,1788585904
2026-09-05T05:33:05Z,936,229,3865,0,1788586206
2026-09-05T05:38:05Z,934,233,3882,0,1788586504
2026-09-05T05:43:05Z,937,236,4268,0,1788586804
2026-09-05T05:48:05Z,940,237,4211,0,1788587105
2026-09-05T05:53:05Z,936,240,4046,0,1788587406
2026-09-05T05:58:05Z,939,238,4043,0,1788587705
2026-09-05T06:03:05Z,942,236,4040,0,1788588006
2026-09-05T06:08:05Z,947,239,4045,0,1788588305
2026-09-05T06:13:05Z,944,238,3853,0,1788588604
2026-09-05T06:18:05Z,947,237,3659,0,1788588905
2026-09-05T06:23:05Z,945,238,3469,0,1788589205
2026-09-05T06:28:05Z,943,242,3481,0,1788589506
2026-09-05T06:33:05Z,946,243,4395,0,1788589805
2026-09-05T06:38:05Z,943,243,3483,0,1788590105
2026-09-05T06:43:05Z,947,244,3211,0,1788590405
2026-09-05T06:48:05Z,951,244,3211,0,1788590704
2026-09-05T06:53:05Z,948,239,3187,0,1788591006
2026-09-05T06:58:05Z,938,249,3318,0,1788591306
2026-09-05T07:03:05Z,937,249,3157,0,1788591606
2026-09-05T07:08:05Z,929,249,3093,0,1788591905
2026-09-05T07:13:05Z,924,247,3846,0,1788592205
2026-09-05T07:18:05Z,911,242,3129,0,1788592506
2026-09-05T07:23:05Z,906,243,3130,0,1788592805
2026-09-05T07:28:05Z,912,237,3129,0,1788593105
2026-09-05T07:33:05Z,910,234,3030,0,1788593404
2026-09-05T07:38:05Z,908,235,2985,0,1788593706
2026-09-05T07:43:05Z,910,238,2985,0,1788594004
2026-09-05T07:48:05Z,912,233,2986,0,1788594305
2026-09-05T07:53:05Z,905,231,2985,0,1788594604
2026-09-05T07:58:05Z,899,228,2987,0,1788594905
2026-09-05T08:03:05Z,894,226,2964,0,1788595206
2026-09-05T08:08:05Z,892,222,2966,0,1788595505
2026-09-05T08:13:06Z,886,222,2905,0,1788595806
2026-09-05T08:18:06Z,882,223,2932,0,1788596105
2026-09-05T08:23:05Z,882,220,2885,0,1788596405
2026-09-05T08:28:05Z,881,221,2895,0,1788596706
2026-09-05T08:33:05Z,878,223,3060,0,1788597004
2026-09-05T08:38:05Z,869,223,3071,0,1788597305
2026-09-05T08:43:05Z,864,222,3056,0,1788597605
2026-09-05T08:48:05Z,856,222,3058,0,1788597905
2026-09-05T08:53:05Z,856,222,3059,0,1788598205
2026-09-05T08:58:05Z,853,221,3331,0,1788598504
2026-09-05T09:03:05Z,855,220,3038,0,1788598805
2026-09-05T09:08:05Z,862,225,3147,0,1788599106
2026-09-05T09:13:05Z,865,227,3221,0,1788599405
2026-09-05T09:18:05Z,872,220,3111,0,1788599705
2026-09-05T09:23:05Z,868,219,3075,0,1788600005
2026-09-05T09:28:05Z,863,215,2918,0,1788600306
2026-09-05T09:33:05Z,863,216,2935,0,1788600605
2026-09-05T09:38:05Z,864,210,2925,0,1788600905
2026-09-05T09:43:05Z,866,211,2956,0,1788601205
2026-09-05T09:48:05Z,868,210,2922,0,1788601504
2026-09-05T09:53:05Z,869,208,2929,0,1788601804
2026-09-05T09:58:05Z,873,205,2938,0,1788602105
2026-09-05T10:03:05Z,883,204,2851,0,1788602405
2026-09-05T10:08:05Z,890,204,2766,0,1788602704
2026-09-05T10:13:05Z,891,205,2764,0,1788603004
2026-09-05T10:18:05Z,883,205,2684,0,1788603304
2026-09-05T10:23:05Z,872,208,2675,0,1788603605
2026-09-05T10:28:05Z,873,206,2684,0,1788603904
2026-09-05T10:33:04Z,869,207,2686,0,1788604204
2026-09-05T10:38:04Z,866,208,2683,0,1788604504
2026-09-05T10:43:04Z,864,205,2683,0,1788604803
2026-09-05T10:48:05Z,855,203,2698,0,1788605105
2026-09-05T10:53:04Z,855,204,2897,0,1788605404
2026-09-05T10:58:04Z,843,204,2857,0,1788605706
2026-09-05T11:03:04Z,844,203,3106,0,1788606005
2026-09-05T11:08:04Z,841,204,2792,0,1788606305
2026-09-05T11:13:04Z,832,213,2830,0,1788606606
2026-09-05T11:18:04Z,834,208,3138,0,1788606905
2026-09-05T11:23:04Z,835,207,3433,0,1788607204
2026-09-05T11:28:04Z,842,203,3425,0,1788607505
2026-09-05T11:33:04Z,838,203,3434,0,1788607804
2026-09-05T11:38:04Z,832,212,3379,0,1788608105
2026-09-05T11:43:04Z,831,213,3797,0,1788608405
2026-09-05T11:48:04Z,836,221,3394,0,1788608704
2026-09-05T11:53:04Z,828,218,3540,0,1788609005
2026-09-05T11:58:04Z,820,217,3539,0,1788609305
2026-09-05T12:03:04Z,821,218,3721,0,1788609604
2026-09-05T12:08:04Z,827,214,5690,0,1788609906
2026-09-05T12:13:04Z,825,223,5153,0,1788610205
2026-09-05T12:18:04Z,829,221,4803,0,1788610505
2026-09-05T12:23:04Z,829,223,4760,0,1788610805
2026-09-05T12:28:04Z,831,220,4756,0,1788611105
2026-09-05T12:33:04Z,826,225,4746,0,1788611404
2026-09-05T12:38:04Z,824,223,4735,0,1788611706
2026-09-05T12:43:04Z,826,216,4650,0,1788612004
2026-09-05T12:48:04Z,830,212,4636,0,1788612305
2026-09-05T12:53:04Z,832,214,4781,0,1788612605
2026-09-05T12:58:04Z,835,215,5013,0,1788612904
2026-09-05T13:03:04Z,839,217,5024,0,1788613204
2026-09-05T13:08:04Z,843,214,5026,0,1788613504
2026-09-05T13:13:04Z,850,212,5057,0,1788613805
2026-09-05T13:18:04Z,845,218,5039,0,1788614104
2026-09-05T13:23:04Z,838,223,4617,0,1788614407
2026-09-05T13:28:04Z,839,219,4520,0,1788614705
2026-09-05T13:33:04Z,835,216,4606,0,1788615004
2026-09-05T13:38:04Z,834,212,4602,0,1788615304
2026-09-05T13:43:04Z,827,220,4571,0,1788615605
2026-09-05T13:48:04Z,824,222,4564,0,1788615904
2026-09-05T13:53:04Z,821,218,4568,0,1788616204
2026-09-05T13:58:04Z,817,216,4590,0,1788616505
2026-09-05T14:03:04Z,819,214,4596,0,1788616805
2026-09-05T14:08:04Z,818,220,4706,0,1788617104
2026-09-05T14:13:04Z,820,220,3802,0,1788617404
2026-09-05T14:18:05Z,823,218,3775,0,1788617705
2026-09-05T14:23:04Z,823,217,3790,0,1788618004
2026-09-05T14:28:04Z,826,213,3776,0,1788618304
2026-09-05T14:33:05Z,823,210,3736,0,1788618605
2026-09-05T14:38:05Z,825,209,3986,0,1788618904
2026-09-05T14:43:05Z,817,211,3753,0,1788619204
2026-09-05T14:48:05Z,813,212,3617,0,1788619504
2026-09-05T14:53:05Z,808,216,3576,0,1788619805
2026-09-05T14:58:05Z,809,208,3886,0,1788620104
2026-09-05T15:03:05Z,812,207,3885,0,1788620404
2026-09-05T15:08:05Z,808,209,3945,0,1788620703
2026-09-05T15:13:05Z,804,214,3947,0,1788621005
2026-09-05T15:18:05Z,799,213,3920,0,1788621304
2026-09-05T15:23:05Z,796,210,3907,0,1788621605
2026-09-05T15:28:05Z,790,209,3868,0,1788621905
2026-09-05T15:33:05Z,791,205,3810,0,1788622204
2026-09-05T15:38:05Z,789,203,3708,0,1788622504
2026-09-05T15:43:05Z,783,201,3738,0,1788622805
2026-09-05T15:48:05Z,786,201,3736,0,1788623103
2026-09-05T15:53:05Z,783,197,3722,0,1788623405
2026-09-05T15:58:05Z,780,197,3703,0,1788623704
2026-09-05T16:03:05Z,779,194,3683,0,1788624005
2026-09-05T16:08:05Z,779,194,3677,0,1788624304
2026-09-05T16:13:05Z,776,194,3377,0,1788624604
2026-09-05T16:18:05Z,774,192,3378,0,1788624905
2026-09-05T16:23:05Z,774,184,3360,0,1788625204
2026-09-05T16:28:05Z,775,183,3324,0,1788625504
2026-09-05T16:33:05Z,779,180,3258,0,1788625804
2026-09-05T16:38:05Z,781,177,3583,0,1788626105
2026-09-05T16:43:05Z,781,178,3596,0,1788626404
2026-09-05T16:48:05Z,780,180,3591,0,1788626704
2026-09-05T16:53:05Z,781,180,3579,0,1788627004
2026-09-05T16:58:05Z,781,178,3477,0,1788627304
2026-09-05T17:03:05Z,780,175,3444,0,1788627605
2026-09-05T17:08:05Z,780,178,3497,0,1788627904
2026-09-05T17:13:05Z,781,179,3675,0,1788628204
2026-09-05T17:18:05Z,781,180,3677,0,1788628505
2026-09-05T17:23:05Z,780,180,3646,0,1788628805
2026-09-05T17:28:05Z,784,179,3638,0,1788629105
2026-09-05T17:33:05Z,784,178,3544,0,1788629404
2026-09-05T17:38:05Z,783,177,3500,0,1788629705
2026-09-05T17:43:05Z,782,176,3692,0,1788630004
2026-09-05T17:48:05Z,783,175,3682,0,1788630303
2026-09-05T17:53:05Z,783,175,3068,0,1788630604
2026-09-05T17:58:05Z,782,176,3536,0,1788630904
2026-09-05T18:03:05Z,775,181,3585,0,1788631204
2026-09-05T18:08:05Z,774,182,3397,0,1788631504
2026-09-05T18:13:05Z,773,179,4491,0,1788631804
2026-09-05T18:18:05Z,774,175,4200,0,1788632104
2026-09-05T18:23:05Z,777,173,4179,0,1788632405
2026-09-05T18:28:05Z,777,173,4181,0,1788632704
2026-09-05T18:33:05Z,775,174,4179,0,1788633004
2026-09-05T18:38:05Z,773,173,4179,0,1788633304
2026-09-05T18:43:05Z,773,170,4179,0,1788633605
2026-09-05T18:48:05Z,771,170,4179,0,1788633904
2026-09-05T18:53:05Z,770,173,4169,0,1788634204
2026-09-05T18:58:05Z,769,174,4177,0,1788634504
2026-09-05T19:03:05Z,768,174,4142,0,1788634805
2026-09-05T19:08:05Z,765,176,4187,0,1788635104
2026-09-05T19:13:05Z,766,174,3699,0,1788635405
2026-09-05T19:18:05Z,760,175,3373,0,1788635704
2026-09-05T19:23:05Z,761,174,3381,0,1788636005
2026-09-05T19:28:05Z,761,174,3387,0,1788636304
2026-09-05T19:33:05Z,761,172,3387,0,1788636604
2026-09-05T19:38:05Z,760,173,3387,0,1788636904
2026-09-05T19:43:05Z,760,173,3417,0,1788637205
2026-09-05T19:48:05Z,757,172,3398,0,1788637504
2026-09-05T19:53:05Z,755,173,3392,0,1788637803
2026-09-05T19:58:05Z,755,172,2933,0,1788638104
2026-09-05T20:03:05Z,754,172,2907,0,1788638404
2026-09-05T20:08:05Z,752,172,2907,0,1788638704
2026-09-05T20:13:05Z,752,171,2907,0,1788639005
2026-09-05T20:18:05Z,754,169,2864,0,1788639304
2026-09-05T20:23:05Z,754,168,2864,0,1788639604
2026-09-05T20:28:05Z,748,172,2867,0,1788639905
2026-09-05T20:33:05Z,748,172,2622,0,1788640204
2026-09-05T20:38:05Z,747,171,2408,0,1788640504
2026-09-05T20:43:05Z,746,170,2408,0,1788640803
2026-09-05T20:48:05Z,744,167,2408,0,1788641103
2026-09-05T20:53:05Z,744,167,2405,0,1788641404
2026-09-05T20:58:05Z,744,165,2405,0,1788641703
2026-09-05T21:03:05Z,742,168,2893,0,1788642006
2026-09-05T21:08:05Z,742,168,2891,0,1788642304
2026-09-05T21:13:05Z,741,167,2891,0,1788642604
2026-09-05T21:18:05Z,742,165,3284,0,1788642905
2026-09-05T21:23:05Z,742,164,3284,0,1788643204
2026-09-05T21:28:05Z,742,163,3284,0,1788643505
2026-09-05T21:33:05Z,743,164,2902,0,1788643804
2026-09-05T21:38:05Z,741,165,2891,0,1788644104
2026-09-05T21:43:05Z,741,165,2891,0,1788644404
2026-09-05T21:48:05Z,741,163,2891,0,1788644703
2026-09-05T21:53:04Z,742,163,2890,0,1788645005
2026-09-05T21:58:04Z,741,164,2890,0,1788645304
2026-09-05T22:03:04Z,741,163,2890,0,1788645605
2026-09-05T22:08:04Z,741,162,2890,0,1788645904
2026-09-05T22:13:04Z,741,162,2890,0,1788646221
2026-09-05T22:18:04Z,741,162,2873,0,1788646505
2026-09-05T22:23:04Z,741,163,2437,0,1788646804
2026-09-05T22:28:04Z,741,163,2437,0,1788647105
2026-09-05T22:33:04Z,741,163,2437,0,1788647404
2026-09-05T22:38:04Z,741,164,2437,0,1788647704
2026-09-05T22:43:04Z,741,164,2437,0,1788648004
2026-09-05T22:48:04Z,741,163,2437,0,1788648305
2026-09-05T22:53:04Z,740,164,2487,0,1788648605
2026-09-05T22:58:04Z,739,165,2460,0,1788648905
2026-09-05T23:03:04Z,738,166,2460,0,1788649204
2026-09-05T23:08:04Z,736,165,2460,0,1788649504
2026-09-05T23:13:04Z,735,163,2460,0,1788649804
2026-09-05T23:18:05Z,735,162,2437,0,1788650104
2026-09-05T23:28:04Z,735,162,2408,0,1788650704
2026-09-05T23:33:04Z,736,162,2408,0,1788651004
2026-09-05T23:38:04Z,736,162,2408,0,1788651305
2026-09-05T23:43:04Z,736,162,2408,0,1788651605
2026-09-05T23:48:04Z,736,163,2896,0,1788651904
2026-09-05T23:53:04Z,736,163,2896,0,1788652203
2026-09-05T23:58:04Z,736,162,2896,0,1788652504
2026-09-06T00:03:04Z,736,162,2408,0,1788652806
2026-09-06T00:08:04Z,736,162,2408,0,1788653104
2026-09-06T00:13:04Z,736,162,2408,0,1788653405
2026-09-06T00:18:04Z,737,162,2408,0,1788653704
2026-09-06T00:23:04Z,737,162,2408,0,1788654004
2026-09-06T00:28:04Z,735,163,2408,0,1788654303
2026-09-06T00:33:04Z,734,163,2408,0,1788654604
2026-09-06T00:38:04Z,733,164,2408,0,1788654903
2026-09-06T00:43:04Z,733,163,2408,0,1788655203
2026-09-06T00:48:05Z,733,162,2408,0,1788655504
2026-09-06T00:53:04Z,733,161,2408,0,1788655805
2026-09-06T00:58:05Z,733,161,2408,0,1788656104
2026-09-06T01:03:05Z,733,161,2408,0,1788656405
2026-09-06T01:08:05Z,733,161,2408,0,1788656704
2026-09-06T01:13:05Z,733,161,2408,0,1788657004
2026-09-06T01:23:05Z,733,161,2408,0,1788657605
2026-09-06T01:28:05Z,734,161,2408,0,1788657904
2026-09-06T01:33:05Z,735,161,2408,0,1788658203
2026-09-06T01:38:05Z,736,161,2408,0,1788658504
2026-09-06T01:43:05Z,737,161,2408,0,1788658805
2026-09-06T01:48:05Z,738,161,2408,0,1788659105
2026-09-06T01:53:05Z,738,161,2408,0,1788659405
2026-09-06T01:58:05Z,739,161,2408,0,1788659705
2026-09-06T02:03:05Z,739,161,2408,0,1788660005
2026-09-06T02:08:05Z,739,161,2408,0,1788660304
2026-09-06T02:13:05Z,739,161,2408,0,1788660604
2026-09-06T02:18:05Z,739,161,2408,0,1788660904
2026-09-06T02:23:05Z,739,161,2385,0,1788661204
2026-09-06T02:28:05Z,739,161,2385,0,1788661503
2026-09-06T02:33:05Z,739,161,2385,0,1788661805
2026-09-06T02:38:05Z,740,160,2385,0,1788662104
2026-09-06T02:43:05Z,740,160,2385,0,1788662404
2026-09-06T02:48:05Z,740,160,2385,0,1788662704
2026-09-06T02:53:05Z,740,160,2385,0,1788663005
2026-09-06T02:58:05Z,742,161,2388,0,1788663304
2026-09-06T03:03:05Z,742,161,2388,0,1788663605
2026-09-06T03:08:05Z,742,161,2388,0,1788663904
2026-09-06T03:13:05Z,740,162,2515,0,1788664204
2026-09-06T03:18:05Z,735,164,2628,0,1788664505
2026-09-06T03:23:05Z,734,171,2761,0,1788664805
2026-09-06T03:28:05Z,737,197,4247,0,1788665104
2026-09-06T03:33:05Z,739,196,4269,0,1788665404
2026-09-06T03:38:05Z,741,189,6321,0,1788665704
2026-09-06T03:43:05Z,740,184,3923,0,1788666004
2026-09-06T03:48:05Z,741,184,3919,0,1788666305
2026-09-06T03:53:05Z,743,182,3944,0,1788666605
2026-09-06T03:58:05Z,745,181,3944,0,1788666904
2026-09-06T04:03:05Z,746,178,3946,0,1788667205
2026-09-06T04:08:05Z,746,177,3951,0,1788667505
2026-09-06T04:13:05Z,749,176,3829,0,1788667804
2026-09-06T04:18:05Z,752,178,3846,0,1788668104
2026-09-06T04:23:05Z,756,179,4654,0,1788668405
2026-09-06T04:28:05Z,754,177,4897,0,1788668706
2026-09-06T04:33:05Z,755,176,4897,0,1788669004
2026-09-06T04:38:05Z,759,175,4897,0,1788669305
2026-09-06T04:43:05Z,755,178,4907,0,1788669604
2026-09-06T04:48:05Z,756,179,4909,0,1788669903
2026-09-06T04:53:05Z,757,178,4907,0,1788670205
2026-09-06T04:58:05Z,762,181,4582,0,1788670504
2026-09-06T05:03:05Z,763,181,4685,0,1788670805
2026-09-06T05:08:05Z,765,180,4629,0,1788671105
2026-09-06T05:13:05Z,762,183,4657,0,1788671404
2026-09-06T05:18:05Z,762,183,4662,0,1788671704
2026-09-06T05:23:05Z,763,183,4662,0,1788672004
2026-09-06T05:28:05Z,759,184,4449,0,1788672304
2026-09-06T05:33:05Z,757,186,4573,0,1788672604
2026-09-06T05:38:05Z,752,187,4315,0,1788672904
2026-09-06T05:43:05Z,754,184,4315,0,1788673204
2026-09-06T05:48:05Z,755,184,4348,0,1788673505
2026-09-06T05:53:05Z,750,186,4357,0,1788673805
2026-09-06T05:58:05Z,744,188,4375,0,1788674105
2026-09-06T06:03:05Z,740,191,4446,0,1788674405
2026-09-06T06:08:06Z,739,188,4499,0,1788674705
2026-09-06T06:13:05Z,741,194,4507,0,1788675004
2026-09-06T06:18:05Z,735,196,4507,0,1788675305
2026-09-06T06:23:05Z,735,193,4525,0,1788675604
2026-09-06T06:28:05Z,733,194,4494,0,1788675903
2026-09-06T06:33:05Z,728,194,4484,0,1788676205
2026-09-06T06:38:05Z,729,195,4486,0,1788676504
2026-09-06T06:43:05Z,727,196,4481,0,1788676804
2026-09-06T06:48:05Z,730,193,2766,0,1788677105
2026-09-06T06:53:05Z,731,192,2896,0,1788677405
2026-09-06T06:58:05Z,731,189,2883,0,1788677704
2026-09-06T07:03:05Z,730,197,2885,0,1788678004
2026-09-06T07:08:05Z,732,197,2898,0,1788678304
2026-09-06T07:13:05Z,731,197,2743,0,1788678604
2026-09-06T07:18:05Z,730,201,2711,0,1788678905
2026-09-06T07:23:05Z,726,197,2738,0,1788679204
2026-09-06T07:28:05Z,724,194,2685,0,1788679504
2026-09-06T07:33:05Z,723,195,7315,0,1788679805
2026-09-06T07:38:05Z,725,195,3817,0,1788680104
2026-09-06T07:43:05Z,726,195,3768,0,1788680405
2026-09-06T07:48:05Z,723,198,3952,0,1788680705
2026-09-06T07:53:05Z,721,197,3905,0,1788681005
2026-09-06T07:58:05Z,718,201,3940,0,1788681304
2026-09-06T08:03:05Z,722,199,3916,0,1788681605
2026-09-06T08:08:05Z,724,197,3968,0,1788681905
2026-09-06T08:13:05Z,720,196,3946,0,1788682205
2026-09-06T08:18:05Z,719,197,3938,0,1788682505
2026-09-06T08:23:05Z,723,199,3830,0,1788682805
2026-09-06T08:28:05Z,724,197,2696,0,1788683104
2026-09-06T08:33:04Z,716,199,2696,0,1788683405
2026-09-06T08:38:04Z,719,196,2688,0,1788683704
2026-09-06T08:43:04Z,720,193,2702,0,1788684003
2026-09-06T08:48:04Z,720,188,2710,0,1788684304
2026-09-06T08:53:04Z,718,186,2585,0,1788684603
2026-09-06T08:58:04Z,717,184,2550,0,1788684904
2026-09-06T09:03:04Z,720,184,2520,0,1788685205
2026-09-06T09:08:04Z,720,185,2490,0,1788685504
2026-09-06T09:13:04Z,719,187,2511,0,1788685805
2026-09-06T09:18:04Z,720,189,2504,0,1788686105
2026-09-06T09:23:04Z,720,189,2601,0,1788686405
2026-09-06T09:28:04Z,719,191,2589,0,1788686704
2026-09-06T09:33:04Z,721,186,2589,0,1788687004
2026-09-06T09:38:04Z,719,182,2570,0,1788687303
2026-09-06T09:43:04Z,718,184,4012,0,1788687603
2026-09-06T09:48:04Z,712,192,3002,0,1788687904
2026-09-06T09:53:04Z,708,194,2910,0,1788688205
2026-09-06T09:58:04Z,712,191,2910,0,1788688503
2026-09-06T10:03:04Z,708,188,2919,0,1788688804
2026-09-06T10:08:04Z,707,190,2921,0,1788689105
2026-09-06T10:13:04Z,710,189,2927,0,1788689404
2026-09-06T10:18:04Z,712,187,2909,0,1788689703
2026-09-06T10:23:04Z,715,185,2746,0,1788690005
2026-09-06T10:28:04Z,712,187,2746,0,1788690304
2026-09-06T10:33:04Z,719,189,2751,0,1788690605
2026-09-06T10:38:04Z,715,191,2754,0,1788690905
2026-09-06T10:43:04Z,713,187,2756,0,1788691204
2026-09-06T10:48:04Z,711,184,2745,0,1788691504
2026-09-06T10:53:04Z,712,187,2752,0,1788691805
2026-09-06T10:58:04Z,714,185,2752,0,1788692105
2026-09-06T11:03:04Z,714,181,2753,0,1788692404
2026-09-06T11:08:04Z,713,180,2596,0,1788692703
2026-09-06T11:13:04Z,717,177,2542,0,1788693004
2026-09-06T11:18:04Z,719,177,3643,0,1788693304
2026-09-06T11:23:04Z,692,175,4038,0,1788693603
2026-09-06T11:28:04Z,690,179,4147,0,1788693904
2026-09-06T11:33:04Z,697,177,4130,0,1788694204
2026-09-06T11:38:04Z,685,177,4152,0,1788694504
2026-09-06T11:43:04Z,680,177,4150,0,1788694804
2026-09-06T11:48:04Z,687,175,4123,0,1788695104
2026-09-06T11:53:04Z,686,180,3786,0,1788695404
2026-09-06T11:58:05Z,686,179,3773,0,1788695705
2026-09-06T12:03:04Z,687,176,3741,0,1788696005
2026-09-06T12:08:04Z,689,174,3767,0,1788696305
2026-09-06T12:13:04Z,690,177,3768,0,1788696604
2026-09-06T12:18:05Z,692,178,3717,0,1788696904
2026-09-06T12:23:04Z,693,178,3653,0,1788697203
2026-09-06T12:28:04Z,691,223,3668,0,1788697504
2026-09-06T12:33:05Z,691,222,3590,0,1788697804
2026-09-06T12:38:05Z,702,216,3566,0,1788698104
2026-09-06T12:43:05Z,703,214,3566,0,1788698405
2026-09-06T12:48:05Z,701,207,3578,0,1788698705
2026-09-06T12:53:04Z,703,207,2294,0,1788699004
2026-09-06T12:58:05Z,701,206,2544,0,1788699304
2026-09-06T13:03:05Z,703,200,2541,0,1788699605
2026-09-06T13:08:05Z,701,198,2441,0,1788699904
2026-09-06T13:13:05Z,700,203,2480,0,1788700204
2026-09-06T13:18:05Z,699,204,2464,0,1788700505
2026-09-06T13:23:05Z,697,203,2461,0,1788700804
2026-09-06T13:28:05Z,696,204,2464,0,1788701104
2026-09-06T13:33:05Z,697,201,2399,0,1788701405
2026-09-06T13:38:05Z,696,198,2409,0,1788701705
2026-09-06T13:43:05Z,695,194,2363,0,1788702004
2026-09-06T13:48:05Z,692,195,2353,0,1788702303
2026-09-06T13:53:05Z,695,198,3279,0,1788702604
2026-09-06T13:58:05Z,695,197,2656,0,1788702904
2026-09-06T14:03:05Z,695,193,2665,0,1788703203
2026-09-06T14:08:05Z,699,196,2719,0,1788703504
2026-09-06T14:13:05Z,697,195,2635,0,1788703804
2026-09-06T14:18:05Z,695,198,3808,0,1788704105
2026-09-06T14:23:05Z,693,205,3904,0,1788704405
2026-09-06T14:28:05Z,695,206,3862,0,1788704704
2026-09-06T14:33:05Z,695,205,3916,0,1788705004
2026-09-06T14:38:05Z,694,204,3887,0,1788705303
2026-09-06T14:43:05Z,691,200,2421,0,1788705604
2026-09-06T14:48:05Z,687,201,2427,0,1788705904
2026-09-06T14:53:05Z,673,201,2657,0,1788706204
2026-09-06T14:58:05Z,671,197,2668,0,1788706504
2026-09-06T15:03:05Z,669,193,2632,0,1788706804
2026-09-06T15:08:05Z,667,193,2638,0,1788707104
2026-09-06T15:13:05Z,661,198,2629,0,1788707404
2026-09-06T15:18:05Z,660,197,2267,0,1788707704
2026-09-06T15:23:05Z,661,194,2258,0,1788708003
2026-09-06T15:28:05Z,659,189,2174,0,1788708303
2026-09-06T15:33:05Z,656,188,2206,0,1788708604
2026-09-06T15:38:05Z,653,191,2169,0,1788708904
2026-09-06T15:43:05Z,655,189,2155,0,1788709204
2026-09-06T15:48:05Z,653,188,2155,0,1788709503
2026-09-06T15:53:05Z,654,184,2155,0,1788709805
2026-09-06T15:58:05Z,657,184,1891,0,1788710104
2026-09-06T16:03:05Z,653,188,1895,0,1788710404
2026-09-06T16:08:05Z,654,194,1901,0,1788710704
2026-09-06T16:13:05Z,660,192,1900,0,1788711004
2026-09-06T16:18:05Z,650,190,4142,0,1788711304
2026-09-06T16:23:05Z,648,188,4147,0,1788711604
2026-09-06T16:28:05Z,649,189,4445,0,1788711904
2026-09-06T16:33:05Z,648,189,4439,0,1788712204
2026-09-06T16:38:05Z,647,190,4216,0,1788712504
2026-09-06T16:43:05Z,646,187,4080,0,1788712805
2026-09-06T16:48:05Z,646,190,4014,0,1788713104
2026-09-06T16:53:05Z,647,190,4002,0,1788713404
2026-09-06T16:58:05Z,646,190,5312,0,1788713705
2026-09-06T17:03:05Z,644,188,5312,0,1788714004
2026-09-06T17:08:05Z,645,184,3105,0,1788714303
2026-09-06T17:13:05Z,647,179,3111,0,1788714605
2026-09-06T17:18:05Z,649,180,3111,0,1788714905
2026-09-06T17:23:05Z,649,179,3068,0,1788715205
2026-09-06T17:28:05Z,646,181,3140,0,1788715505
2026-09-06T17:33:05Z,645,181,3094,0,1788715805
2026-09-06T17:38:05Z,643,182,3085,0,1788716103
2026-09-06T17:43:05Z,642,181,3078,0,1788716404
2026-09-06T17:48:05Z,641,179,2595,0,1788716704
2026-09-06T17:53:05Z,641,178,2595,0,1788717004
2026-09-06T17:58:05Z,641,176,2595,0,1788717304
2026-09-06T18:03:05Z,643,175,2840,0,1788717604
2026-09-06T18:08:05Z,643,175,2844,0,1788717905
2026-09-06T18:13:05Z,642,178,2855,0,1788718204
2026-09-06T18:18:05Z,642,178,2854,0,1788718504
2026-09-06T18:23:05Z,643,177,2854,0,1788718804
2026-09-06T18:28:05Z,643,177,2855,0,1788719103
2026-09-06T18:33:05Z,643,176,2854,0,1788719404
2026-09-06T18:38:05Z,641,179,2796,0,1788719705
2026-09-06T18:43:05Z,641,180,2794,0,1788720003
2026-09-06T18:48:05Z,642,178,2794,0,1788720303
2026-09-06T18:53:05Z,640,179,2783,0,1788720604
2026-09-06T18:58:05Z,641,177,2783,0,1788720904
2026-09-06T19:03:05Z,643,178,2781,0,1788721204
2026-09-06T19:08:05Z,642,178,3002,0,1788721504
2026-09-06T19:13:05Z,641,179,2957,0,1788721804
2026-09-06T19:18:05Z,641,179,2958,0,1788722104
2026-09-06T19:23:04Z,641,177,2433,0,1788722405
2026-09-06T19:28:04Z,639,179,2495,0,1788722704
2026-09-06T19:33:04Z,641,177,2064,0,1788723004
2026-09-06T19:38:04Z,641,177,2064,0,1788723304
2026-09-06T19:43:04Z,641,177,2064,0,1788723603
2026-09-06T19:48:04Z,643,175,2046,0,1788723905
2026-09-06T19:53:04Z,643,175,2046,0,1788724204
2026-09-06T19:58:04Z,642,175,2046,0,1788724503
2026-09-06T20:03:04Z,642,173,1715,0,1788724804
2026-09-06T20:08:04Z,640,177,1723,0,1788725104
2026-09-06T20:13:04Z,640,175,1722,0,1788725405
2026-09-06T20:18:04Z,639,175,1722,0,1788725704
2026-09-06T20:23:04Z,637,175,1726,0,1788726005
2026-09-06T20:28:04Z,634,177,1726,0,1788726303
2026-09-06T20:33:05Z,634,175,1726,0,1788726603
2026-09-06T20:38:04Z,634,175,1721,0,1788726903
2026-09-06T20:43:04Z,633,176,1720,0,1788727204
2026-09-06T20:48:04Z,633,176,1720,0,1788727504
2026-09-06T20:53:04Z,633,174,1720,0,1788727803
2026-09-06T20:58:04Z,630,176,1720,0,1788728104
2026-09-06T21:03:04Z,629,177,1726,0,1788728404
2026-09-06T21:08:05Z,629,175,1717,0,1788728704
2026-09-06T21:13:04Z,628,175,1745,0,1788729004
2026-09-06T21:18:04Z,627,175,1732,0,1788729304
2026-09-06T21:23:04Z,627,172,1671,0,1788729605
2026-09-06T21:28:04Z,627,171,1668,0,1788729904
2026-09-06T21:33:05Z,626,171,1668,0,1788730204
2026-09-06T21:38:05Z,626,170,1668,0,1788730504
2026-09-06T21:43:05Z,627,169,1668,0,1788730803
2026-09-06T21:48:04Z,628,169,1668,0,1788731103
2026-09-06T21:53:04Z,628,169,1668,0,1788731404
2026-09-06T21:58:05Z,628,170,1668,0,1788731704
2026-09-06T22:03:05Z,628,170,1668,0,1788732005
2026-09-06T22:08:04Z,627,171,1668,0,1788732305
2026-09-06T22:13:05Z,626,172,1668,0,1788732619
2026-09-06T22:18:04Z,627,170,1668,0,1788732904
2026-09-06T22:23:05Z,627,169,1668,0,1788733203
2026-09-06T22:28:05Z,627,169,1668,0,1788733504
2026-09-06T22:33:05Z,627,169,1668,0,1788733803
2026-09-06T22:43:04Z,627,169,1668,0,1788734404
2026-09-06T22:48:05Z,627,169,1668,0,1788734705
2026-09-06T22:58:04Z,627,169,1668,0,1788735304
2026-09-06T23:03:05Z,627,169,1668,0,1788735604
2026-09-06T23:13:05Z,627,169,1668,0,1788736204
2026-09-06T23:18:04Z,627,169,1635,0,1788736504
2026-09-06T23:23:05Z,627,169,1635,0,1788736805
2026-09-06T23:28:05Z,627,169,1635,0,1788737103
2026-09-06T23:33:04Z,627,168,1635,0,1788737405
2026-09-06T23:38:05Z,627,168,1635,0,1788737704
2026-09-06T23:43:05Z,627,168,1635,0,1788738004
2026-09-06T23:53:05Z,627,168,1635,0,1788738603
2026-09-06T23:58:05Z,627,168,1635,0,1788738904
2026-09-07T00:03:05Z,627,168,1635,0,1788739204
2026-09-07T00:08:05Z,627,168,1635,0,1788739504
2026-09-07T00:13:05Z,627,168,1635,0,1788739803
2026-09-07T00:18:05Z,627,168,1635,0,1788740105
2026-09-07T00:23:05Z,627,168,1635,0,1788740404
2026-09-07T00:28:05Z,627,168,1635,0,1788740703
2026-09-07T00:33:05Z,627,168,1635,0,1788741003
2026-09-07T00:38:05Z,627,168,1635,0,1788741304
2026-09-07T00:43:05Z,627,168,1635,0,1788741604
2026-09-07T00:48:05Z,627,168,1635,0,1788741904
2026-09-07T00:53:05Z,627,168,1635,0,1788742204
2026-09-07T00:58:05Z,627,168,1635,0,1788742504
2026-09-07T01:03:05Z,627,168,1635,0,1788742804
2026-09-07T01:08:05Z,627,168,1635,0,1788743106
2026-09-07T01:13:05Z,627,168,1635,0,1788743404
2026-09-07T01:18:05Z,627,168,1635,0,1788743704
2026-09-07T01:23:05Z,627,168,1635,0,1788744004
2026-09-07T01:28:05Z,627,168,1635,0,1788744303
2026-09-07T01:33:05Z,627,168,1635,0,1788744603
2026-09-07T01:38:05Z,627,168,1635,0,1788744904
2026-09-07T01:43:05Z,627,168,1635,0,1788745204
2026-09-07T01:48:05Z,627,168,1635,0,1788745504
2026-09-07T01:53:05Z,627,168,1635,0,1788745804
2026-09-07T01:58:05Z,627,168,1635,0,1788746103
2026-09-07T02:03:05Z,627,168,1635,0,1788746405
2026-09-07T02:08:05Z,627,168,1635,0,1788746704
2026-09-07T02:13:05Z,627,168,1635,0,1788747004
2026-09-07T02:18:05Z,627,168,1635,0,1788747304
2026-09-07T02:23:05Z,627,168,1635,0,1788747604
2026-09-07T02:28:05Z,627,168,1635,0,1788747904
2026-09-07T02:33:05Z,627,168,1635,0,1788748204
2026-09-07T02:38:05Z,627,168,1635,0,1788748504
2026-09-07T02:43:05Z,627,168,1635,0,1788748803
2026-09-07T02:48:05Z,627,168,1635,0,1788749104
2026-09-07T02:53:05Z,627,168,1635,0,1788749403
2026-09-07T02:58:05Z,627,168,1635,0,1788749703
2026-09-07T03:03:05Z,628,168,1635,0,1788750004
2026-09-07T03:08:05Z,628,168,1635,0,1788750303
2026-09-07T03:13:05Z,628,168,1635,0,1788750604
2026-09-07T03:18:05Z,627,169,1629,0,1788750904
2026-09-07T03:23:05Z,628,169,1629,0,1788751205
2026-09-07T03:28:05Z,628,170,1629,0,1788751504
2026-09-07T03:33:05Z,629,166,1604,0,1788751803
2026-09-07T03:38:05Z,629,166,1604,0,1788752104
2026-09-07T03:43:05Z,631,167,1673,0,1788752404
2026-09-07T03:48:05Z,631,166,1673,0,1788752704
2026-09-07T03:53:05Z,631,166,1673,0,1788753004
2026-09-07T03:58:05Z,629,168,1681,0,1788753304
2026-09-07T04:03:05Z,630,168,1681,0,1788753604
2026-09-07T04:08:05Z,632,168,1682,0,1788753905
2026-09-07T04:13:05Z,632,168,1682,0,1788754204
2026-09-07T04:18:05Z,634,169,1683,0,1788754504
2026-09-07T04:23:05Z,635,169,1683,0,1788754805
2026-09-07T04:28:05Z,636,171,1684,0,1788755104
2026-09-07T04:33:05Z,631,171,1684,0,1788755405
2026-09-07T04:38:05Z,635,172,1685,0,1788755703
2026-09-07T04:43:05Z,635,173,1684,0,1788756004
2026-09-07T04:48:05Z,635,174,1684,0,1788756304
2026-09-07T04:53:05Z,634,173,1684,0,1788756604
2026-09-07T04:58:05Z,637,173,1690,0,1788756904
2026-09-07T05:03:05Z,637,176,1703,0,1788757205
2026-09-07T05:08:05Z,636,175,1703,0,1788757505
2026-09-07T05:13:05Z,640,177,1703,0,1788757804
2026-09-07T05:18:05Z,647,176,1635,0,1788758103
2026-09-07T05:23:05Z,650,175,1635,0,1788758405
2026-09-07T05:28:05Z,652,176,1683,0,1788758704
2026-09-07T05:33:05Z,656,177,1684,0,1788759005
2026-09-07T05:38:05Z,661,176,1753,0,1788759303
2026-09-07T05:43:05Z,661,178,1777,0,1788759603
2026-09-07T05:48:05Z,660,179,1777,0,1788759904
2026-09-07T05:53:05Z,671,179,1777,0,1788760205
2026-09-07T05:58:05Z,676,178,1678,0,1788760505
2026-09-07T06:03:05Z,676,182,1685,0,1788760804
2026-09-07T06:08:05Z,679,187,2018,0,1788761103
2026-09-07T06:13:05Z,680,190,2405,0,1788761404
2026-09-07T06:18:05Z,681,192,2411,0,1788761705
2026-09-07T06:23:05Z,683,194,2415,0,1788762005
2026-09-07T06:28:05Z,685,196,2416,0,1788762304
2026-09-07T06:33:04Z,681,200,2422,0,1788762605
2026-09-07T06:38:04Z,678,202,2390,0,1788762904
2026-09-07T06:43:04Z,680,201,2421,0,1788763204
2026-09-07T06:48:04Z,684,200,2422,0,1788763505
2026-09-07T06:53:04Z,687,202,2468,0,1788763804
2026-09-07T06:58:04Z,690,186,3488,0,1788764104
2026-09-07T07:03:04Z,686,188,3493,0,1788764405
2026-09-07T07:08:04Z,686,186,3492,0,1788764705
2026-09-07T07:13:04Z,692,186,3439,0,1788765004
2026-09-07T07:18:04Z,698,186,3460,0,1788765304
2026-09-07T07:23:04Z,699,183,3473,0,1788765604
2026-09-07T07:28:04Z,699,185,3515,0,1788765904
2026-09-07T07:33:04Z,699,188,3521,0,1788766204
2026-09-07T07:38:04Z,704,189,3570,0,1788766505
2026-09-07T07:43:04Z,704,186,3090,0,1788766805
2026-09-07T07:48:04Z,706,184,2953,0,1788767103
2026-09-07T07:53:04Z,711,184,2948,0,1788767404
2026-09-07T07:58:04Z,711,184,2125,0,1788767705
2026-09-07T08:03:04Z,709,186,2129,0,1788768006
2026-09-07T08:08:04Z,711,184,2138,0,1788768304
2026-09-07T08:13:04Z,715,184,2030,0,1788768604
2026-09-07T08:18:04Z,713,187,2020,0,1788768903
2026-09-07T08:23:04Z,715,187,2023,0,1788769204
2026-09-07T08:28:04Z,711,181,2022,0,1788769504
2026-09-07T08:33:04Z,712,176,2040,0,1788769804
2026-09-07T08:38:04Z,717,175,2040,0,1788770105
2026-09-07T08:43:04Z,716,177,2075,0,1788770403
2026-09-07T08:48:04Z,714,179,2075,0,1788770704
2026-09-07T08:53:04Z,712,179,2084,0,1788771003
2026-09-07T08:58:04Z,712,178,2084,0,1788771303
2026-09-07T09:03:04Z,714,180,2118,0,1788771604
2026-09-07T09:08:04Z,715,185,2081,0,1788771904
2026-09-07T09:13:04Z,713,187,2030,0,1788772204
2026-09-07T09:18:04Z,718,187,2397,0,1788772506
2026-09-07T09:23:04Z,718,188,2007,0,1788772803
2026-09-07T09:28:04Z,720,187,2008,0,1788773103
2026-09-07T09:33:04Z,720,182,1988,0,1788773403
2026-09-07T09:38:04Z,721,177,1951,0,1788773704
2026-09-07T09:43:04Z,722,174,1950,0,1788774003
2026-09-07T09:48:04Z,716,174,1951,0,1788774304
2026-09-07T09:53:05Z,721,176,1944,0,1788774604
2026-09-07T09:58:05Z,718,181,1945,0,1788774905
2026-09-07T10:03:05Z,717,180,1973,0,1788775204
2026-09-07T10:08:05Z,720,178,2801,0,1788775504
2026-09-07T10:13:05Z,721,179,2773,0,1788775805
2026-09-07T10:18:05Z,721,180,2773,0,1788776105
2026-09-07T10:23:05Z,719,177,2743,0,1788776404
2026-09-07T10:28:05Z,716,173,2729,0,1788776704
2026-09-07T10:33:05Z,713,172,2729,0,1788777004
2026-09-07T10:38:05Z,709,173,2731,0,1788777305
2026-09-07T10:43:05Z,710,175,2759,0,1788777604
2026-09-07T10:48:05Z,710,173,2756,0,1788777904
2026-09-07T10:53:05Z,709,176,2892,0,1788778204
2026-09-07T10:58:05Z,706,177,2885,0,1788778504
2026-09-07T11:03:05Z,705,178,2955,0,1788778804
2026-09-07T11:08:05Z,704,179,2917,0,1788779104
2026-09-07T11:13:05Z,705,177,2896,0,1788779404
2026-09-07T11:18:05Z,704,173,2896,0,1788779704
2026-09-07T11:23:05Z,702,171,3077,0,1788780005
2026-09-07T11:28:05Z,700,169,3545,0,1788780304
2026-09-07T11:33:05Z,697,174,3821,0,1788780605
2026-09-07T11:38:05Z,698,178,3867,0,1788780905
2026-09-07T11:43:05Z,690,186,3832,0,1788781205
2026-09-07T11:48:05Z,685,182,3038,0,1788781504
2026-09-07T11:53:05Z,683,180,3084,0,1788781805
2026-09-07T11:58:05Z,683,168,3133,0,1788782104
2026-09-07T12:03:05Z,677,163,3083,0,1788782405
2026-09-07T12:08:05Z,679,161,2699,0,1788782704
2026-09-07T12:13:05Z,679,172,2468,0,1788783003
2026-09-07T12:18:05Z,674,173,2471,0,1788783304
2026-09-07T12:23:05Z,672,170,2469,0,1788783604
2026-09-07T12:28:05Z,676,167,2446,0,1788783904
2026-09-07T12:33:05Z,677,162,2138,0,1788784205
2026-09-07T12:38:05Z,679,158,2138,0,1788784504
2026-09-07T12:43:05Z,680,159,2140,0,1788784803
2026-09-07T12:48:05Z,680,157,2120,0,1788785103
2026-09-07T12:53:05Z,678,159,1832,0,1788785405
2026-09-07T12:58:05Z,677,159,1918,0,1788785704
2026-09-07T13:03:05Z,675,158,3039,0,1788786004
2026-09-07T13:08:05Z,673,162,2632,0,1788786305
2026-09-07T13:13:05Z,671,168,2659,0,1788786604
2026-09-07T13:18:05Z,672,170,2865,0,1788786904
2026-09-07T13:23:05Z,669,169,2878,0,1788787204
2026-09-07T13:28:05Z,668,167,2689,0,1788787504
2026-09-07T13:33:05Z,667,163,2652,0,1788787804
2026-09-07T13:38:05Z,663,165,2655,0,1788788103
2026-09-07T13:43:05Z,662,165,2614,0,1788788404
2026-09-07T13:48:05Z,659,165,2651,0,1788788704
2026-09-07T13:53:05Z,659,160,3000,0,1788789003
2026-09-07T13:58:05Z,661,156,2995,0,1788789304
2026-09-07T14:03:05Z,660,156,3004,0,1788789604
2026-09-07T14:08:05Z,660,158,2993,0,1788789904
2026-09-07T14:13:05Z,664,155,2983,0,1788790204
2026-09-07T14:18:05Z,664,154,2988,0,1788790504
2026-09-07T14:23:05Z,662,156,2935,0,1788790804
2026-09-07T14:28:05Z,663,163,2956,0,1788791103
2026-09-07T14:33:05Z,658,163,2991,0,1788791404
2026-09-07T14:38:05Z,657,160,2995,0,1788791703
2026-09-07T14:43:05Z,658,159,2939,0,1788792005
2026-09-07T14:48:05Z,657,167,2929,0,1788792304
2026-09-07T14:53:05Z,656,166,2933,0,1788792605
2026-09-07T14:58:05Z,658,156,2930,0,1788792903
2026-09-07T15:03:05Z,657,155,2732,0,1788793204
2026-09-07T15:08:05Z,656,152,2833,0,1788793504
2026-09-07T15:13:05Z,654,151,2800,0,1788793805
2026-09-07T15:18:05Z,652,152,2994,0,1788794104
2026-09-07T15:23:05Z,650,151,3523,0,1788794404
2026-09-07T15:28:05Z,648,155,3893,0,1788794704
2026-09-07T15:33:05Z,646,155,3294,0,1788795004
2026-09-07T15:38:05Z,644,150,3316,0,1788795304
2026-09-07T15:43:05Z,639,151,3196,0,1788795604
2026-09-07T15:48:05Z,642,147,3123,0,1788795904
2026-09-07T15:53:05Z,643,143,3124,0,1788796204
2026-09-07T15:58:05Z,645,139,3049,0,1788796504
2026-09-07T16:03:05Z,648,134,3049,0,1788796804
2026-09-07T16:08:06Z,636,133,3261,0,1788797104
2026-09-07T16:13:06Z,635,133,3261,0,1788797403
2026-09-07T16:18:05Z,630,131,3335,0,1788797704
2026-09-07T16:23:05Z,630,129,3327,0,1788798004
2026-09-07T16:28:05Z,635,127,3278,0,1788798303
2026-09-07T16:33:06Z,636,127,3278,0,1788798604
2026-09-07T16:38:05Z,636,128,3375,0,1788798904
2026-09-07T16:43:05Z,632,132,3324,0,1788799204
2026-09-07T16:48:05Z,632,132,3284,0,1788799504
2026-09-07T16:53:06Z,631,128,3284,0,1788799804
2026-09-07T16:58:04Z,631,127,3287,0,1788800103
2026-09-07T17:03:04Z,631,127,3284,0,1788800404
2026-09-07T17:08:04Z,632,128,3269,0,1788800705
2026-09-07T17:13:04Z,630,128,3271,0,1788801004
2026-09-07T17:18:04Z,629,129,3273,0,1788801305
2026-09-07T17:23:04Z,632,128,3292,0,1788801605
2026-09-07T17:28:04Z,632,128,2912,0,1788801904
2026-09-07T17:33:04Z,632,127,2914,0,1788802205
2026-09-07T17:38:04Z,632,128,2876,0,1788802504
2026-09-07T17:43:04Z,632,127,2876,0,1788802804
2026-09-07T17:48:04Z,633,125,2876,0,1788803103
2026-09-07T17:53:04Z,634,124,2876,0,1788803403
2026-09-07T17:58:04Z,634,124,2876,0,1788803703
2026-09-07T18:03:04Z,634,125,2876,0,1788804004
2026-09-07T18:08:04Z,635,126,2876,0,1788804304
2026-09-07T18:13:04Z,635,123,2875,0,1788804604
2026-09-07T18:18:04Z,633,122,2875,0,1788804904
2026-09-07T18:23:04Z,634,121,2875,0,1788805204
2026-09-07T18:28:04Z,632,122,2875,0,1788805504
2026-09-07T18:33:04Z,632,121,2842,0,1788805804
2026-09-07T18:38:04Z,625,124,2842,0,1788806105
2026-09-07T18:43:04Z,623,126,2842,0,1788806404
2026-09-07T18:48:04Z,621,126,2846,0,1788806703
2026-09-07T18:53:04Z,622,122,2846,0,1788807004
2026-09-07T18:58:04Z,622,122,2846,0,1788807304
2026-09-07T19:03:04Z,622,123,2846,0,1788807604
2026-09-07T19:08:04Z,622,123,2831,0,1788807904
2026-09-07T19:13:04Z,620,122,2832,0,1788808204
2026-09-07T19:18:04Z,620,122,2836,0,1788808504
2026-09-07T19:23:05Z,618,122,2836,0,1788808804
2026-09-07T19:28:04Z,618,121,2836,0,1788809104
2026-09-07T19:33:04Z,616,122,2839,0,1788809404
2026-09-07T19:38:05Z,614,122,2826,0,1788809704
2026-09-07T19:43:05Z,610,125,2822,0,1788810005
2026-09-07T19:48:05Z,610,125,2822,0,1788810304
2026-09-07T19:53:05Z,612,121,2822,0,1788810604
2026-09-07T19:58:05Z,612,119,2822,0,1788810904
2026-09-07T20:03:05Z,612,119,2822,0,1788811204
2026-09-07T20:08:05Z,613,119,2822,0,1788811504
2026-09-07T20:13:05Z,614,119,2563,0,1788811803
2026-09-07T20:18:05Z,613,119,2563,0,1788812104
2026-09-07T20:23:05Z,613,118,2561,0,1788812405
2026-09-07T20:28:05Z,611,119,2562,0,1788812705
2026-09-07T20:33:05Z,611,119,2561,0,1788813004
2026-09-07T20:38:05Z,613,118,2561,0,1788813304
2026-09-07T20:43:05Z,613,118,2561,0,1788813604
2026-09-07T20:48:05Z,613,117,2553,0,1788813904
2026-09-07T20:53:05Z,612,117,2554,0,1788814203
2026-09-07T20:58:05Z,612,119,2528,0,1788814504
2026-09-07T21:03:05Z,612,119,2524,0,1788814804
2026-09-07T21:08:05Z,612,116,2524,0,1788815103
2026-09-07T21:13:05Z,612,115,2524,0,1788815404
2026-09-07T21:18:04Z,612,118,2528,0,1788815705
2026-09-07T21:23:05Z,611,117,2575,0,1788816003
2026-09-07T21:28:05Z,611,118,4333,0,1788816304
2026-09-07T21:33:05Z,612,148,4400,0,1788816604
2026-09-07T21:38:05Z,616,181,4731,0,1788816904
2026-09-07T21:43:04Z,617,181,4731,0,1788817204
2026-09-07T21:48:05Z,619,181,4731,0,1788817504
2026-09-07T21:53:05Z,620,183,4691,0,1788817804
2026-09-07T21:58:05Z,620,182,4690,0,1788818103
2026-09-07T22:03:05Z,620,181,4690,0,1788818404
2026-09-07T22:08:05Z,621,180,3656,0,1788818704
2026-09-07T22:13:05Z,624,179,3656,0,1788819020
2026-09-07T22:18:05Z,624,179,3656,0,1788819305
2026-09-07T22:23:05Z,624,179,3656,0,1788819604
2026-09-07T22:28:05Z,624,179,3656,0,1788819904
2026-09-07T22:33:05Z,624,179,3656,0,1788820205
2026-09-07T22:38:05Z,624,179,2921,0,1788820503
2026-09-07T22:43:05Z,624,179,2921,0,1788820804
2026-09-07T22:48:05Z,624,179,2921,0,1788821105
2026-09-07T22:53:05Z,624,179,2917,0,1788821405
2026-09-07T22:58:05Z,624,179,2918,0,1788821704
2026-09-07T23:03:05Z,623,180,2917,0,1788822004
2026-09-07T23:08:05Z,623,180,2917,0,1788822305
2026-09-07T23:13:05Z,623,179,2917,0,1788822605
2026-09-07T23:18:05Z,623,178,2917,0,1788822904
2026-09-07T23:23:05Z,623,178,2917,0,1788823203
2026-09-07T23:28:05Z,623,178,2917,0,1788823504
2026-09-07T23:33:05Z,623,178,2909,0,1788823805
2026-09-07T23:38:05Z,625,178,2909,0,1788824104
2026-09-07T23:43:05Z,625,178,2909,0,1788824404
2026-09-07T23:48:05Z,624,177,2909,0,1788824705
2026-09-07T23:53:05Z,623,177,2909,0,1788825004
2026-09-07T23:58:05Z,624,177,2909,0,1788825304
2026-09-08T00:03:05Z,624,176,2899,0,1788825604
2026-09-08T00:08:05Z,624,176,2899,0,1788825904
2026-09-08T00:13:05Z,624,176,2899,0,1788826204
2026-09-08T00:18:05Z,624,176,2899,0,1788826505
2026-09-08T00:23:05Z,624,176,2899,0,1788826804
2026-09-08T00:28:05Z,625,176,2899,0,1788827104
2026-09-08T00:33:05Z,625,176,2899,0,1788827404
2026-09-08T00:38:05Z,625,176,2899,0,1788827704
2026-09-08T00:43:05Z,625,176,2899,0,1788828004
2026-09-08T00:48:05Z,626,176,2899,0,1788828304
2026-09-08T00:53:05Z,626,176,2899,0,1788828604
2026-09-08T00:58:05Z,626,177,3086,0,1788828904
2026-09-08T01:03:05Z,626,177,3086,0,1788829205
2026-09-08T01:08:05Z,626,177,3086,0,1788829505
2026-09-08T01:13:05Z,626,177,3086,0,1788829805
2026-09-08T01:18:05Z,626,177,3086,0,1788830105
2026-09-08T01:23:05Z,626,177,3086,0,1788830404
2026-09-08T01:28:05Z,626,177,3086,0,1788830704
2026-09-08T01:33:05Z,626,177,3086,0,1788831003
2026-09-08T01:38:05Z,626,177,3086,0,1788831305
2026-09-08T01:43:05Z,626,177,3086,0,1788831604
2026-09-08T01:48:05Z,626,177,3086,0,1788831904
2026-09-08T01:53:05Z,626,177,3086,0,1788832204
2026-09-08T01:58:05Z,626,177,3086,0,1788832504
2026-09-08T02:03:05Z,624,179,3088,0,1788832804
2026-09-08T02:08:05Z,625,180,3109,0,1788833104
2026-09-08T02:13:05Z,625,179,2930,0,1788833404
2026-09-08T02:18:05Z,625,178,2930,0,1788833704
2026-09-08T02:23:05Z,622,178,2971,0,1788834004
2026-09-08T02:28:05Z,623,178,2971,0,1788834304
2026-09-08T02:33:05Z,623,178,2971,0,1788834604
2026-09-08T02:38:05Z,623,178,2971,0,1788834904
2026-09-08T02:43:05Z,624,178,2971,0,1788835204
2026-09-08T02:48:05Z,624,178,2971,0,1788835504
2026-09-08T02:53:05Z,624,178,2971,0,1788835804
2026-09-08T02:58:05Z,624,178,2971,0,1788836104
2026-09-08T03:03:05Z,627,178,2971,0,1788836405
2026-09-08T03:08:05Z,627,180,2983,0,1788836704
2026-09-08T03:13:05Z,626,181,2983,0,1788837005
2026-09-08T03:18:05Z,626,180,2983,0,1788837304
2026-09-08T03:23:05Z,626,180,2983,0,1788837604
2026-09-08T03:28:05Z,627,179,2983,0,1788837904
2026-09-08T03:33:05Z,628,179,2983,0,1788838205
2026-09-08T03:38:05Z,628,179,2983,0,1788838504
2026-09-08T03:43:05Z,631,179,2983,0,1788838804
2026-09-08T03:48:04Z,633,179,2983,0,1788839105
2026-09-08T03:53:04Z,633,180,3181,0,1788839404
2026-09-08T03:58:04Z,630,181,3006,0,1788839704
2026-09-08T04:03:04Z,630,181,3532,0,1788840005
2026-09-08T04:08:04Z,629,182,3532,0,1788840304
2026-09-08T04:13:04Z,630,183,3532,0,1788840604
2026-09-08T04:18:04Z,629,184,3542,0,1788840905
2026-09-08T04:23:05Z,627,184,3542,0,1788841205
2026-09-08T04:28:04Z,628,183,3542,0,1788841503
2026-09-08T04:33:04Z,629,183,3542,0,1788841804
2026-09-08T04:38:04Z,629,183,3545,0,1788842105
2026-09-08T04:43:04Z,632,183,3545,0,1788842404
2026-09-08T04:48:04Z,631,184,3545,0,1788842705
2026-09-08T04:53:04Z,633,184,3545,0,1788843004
2026-09-08T04:58:04Z,633,184,3545,0,1788843303
2026-09-08T05:03:04Z,634,184,3545,0,1788843605
2026-09-08T05:08:04Z,632,186,3549,0,1788843904
2026-09-08T05:13:04Z,633,185,2691,0,1788844204
2026-09-08T05:18:04Z,636,185,2692,0,1788844504
2026-09-08T05:23:04Z,634,188,2793,0,1788844805
2026-09-08T05:28:04Z,635,188,2855,0,1788845104
2026-09-08T05:33:04Z,637,188,2857,0,1788845405
2026-09-08T05:38:04Z,637,187,2861,0,1788845704
2026-09-08T05:43:04Z,639,186,2861,0,1788846004
2026-09-08T05:48:04Z,644,187,2593,0,1788846304
2026-09-08T05:53:04Z,648,190,2654,0,1788846604
2026-09-08T05:58:04Z,652,192,2723,0,1788846904
2026-09-08T06:03:04Z,652,194,2666,0,1788847205
2026-09-08T06:08:04Z,654,195,2813,0,1788847506
2026-09-08T06:13:04Z,649,198,3699,0,1788847805
2026-09-08T06:18:04Z,651,198,3702,0,1788848105
2026-09-08T06:23:05Z,652,203,4026,0,1788848404
2026-09-08T06:28:04Z,650,209,3960,0,1788848704
2026-09-08T06:33:04Z,641,211,3957,0,1788849005
2026-09-08T06:38:05Z,641,204,3951,0,1788849304
2026-09-08T06:43:04Z,639,197,3947,0,1788849604
2026-09-08T06:48:05Z,631,195,3941,0,1788849905
2026-09-08T06:53:05Z,630,193,3951,0,1788850205
2026-09-08T06:58:04Z,633,192,3922,0,1788850504
2026-09-08T07:03:05Z,633,192,3777,0,1788850805
2026-09-08T07:08:05Z,631,198,4313,0,1788851105
2026-09-08T07:13:05Z,629,199,5056,0,1788851405
2026-09-08T07:18:05Z,628,196,5074,0,1788851705
2026-09-08T07:23:05Z,628,188,4759,0,1788852004
2026-09-08T07:28:05Z,621,189,4759,0,1788852304
2026-09-08T07:33:05Z,621,188,4778,0,1788852605
2026-09-08T07:38:05Z,613,190,4816,0,1788852904
2026-09-08T07:43:05Z,615,183,4347,0,1788853204
2026-09-08T07:48:05Z,613,183,4348,0,1788853504
2026-09-08T07:53:05Z,615,185,4347,0,1788853804
2026-09-08T07:58:05Z,611,187,4356,0,1788854105
2026-09-08T08:03:05Z,610,186,3654,0,1788854405
2026-09-08T08:08:05Z,608,184,3442,0,1788854705
2026-09-08T08:13:05Z,605,172,3287,0,1788855004
2026-09-08T08:18:05Z,607,167,3195,0,1788855305
2026-09-08T08:23:05Z,606,164,3176,0,1788855604
2026-09-08T08:28:05Z,604,159,3181,0,1788855905
2026-09-08T08:33:05Z,607,153,3184,0,1788856204
2026-09-08T08:38:05Z,606,152,3196,0,1788856504
2026-09-08T08:43:05Z,606,156,5857,0,1788856805
2026-09-08T08:48:05Z,602,158,5849,0,1788857105
2026-09-08T08:53:05Z,601,157,5838,0,1788857405
2026-09-08T08:58:05Z,599,158,5527,0,1788857704
2026-09-08T09:03:05Z,598,156,3097,0,1788858005
2026-09-08T09:08:05Z,602,153,3089,0,1788858304
2026-09-08T09:13:05Z,605,148,3082,0,1788858605
2026-09-08T09:18:05Z,606,147,3061,0,1788858904
2026-09-08T09:23:05Z,606,148,3064,0,1788859205
2026-09-08T09:28:05Z,605,149,3065,0,1788859504
2026-09-08T09:33:05Z,605,150,3052,0,1788859804
2026-09-08T09:38:05Z,604,148,3059,0,1788860104
2026-09-08T09:43:05Z,602,145,3051,0,1788860404
2026-09-08T09:48:05Z,601,148,2980,0,1788860704
2026-09-08T09:53:05Z,601,146,2979,0,1788861004
2026-09-08T09:58:05Z,603,144,2958,0,1788861304
2026-09-08T10:03:05Z,602,143,2968,0,1788861604
2026-09-08T10:08:05Z,598,145,2958,0,1788861904
2026-09-08T10:13:05Z,597,148,3009,0,1788862204
2026-09-08T10:18:05Z,596,149,2999,0,1788862504
2026-09-08T10:23:05Z,596,148,2993,0,1788862804
2026-09-08T10:28:05Z,594,147,2974,0,1788863104
2026-09-08T10:33:05Z,590,149,2962,0,1788863405
2026-09-08T10:38:05Z,589,143,2898,0,1788863704
2026-09-08T10:43:05Z,587,142,2849,0,1788864004
2026-09-08T10:48:05Z,588,137,2846,0,1788864304
2026-09-08T10:53:05Z,588,134,2835,0,1788864604
2026-09-08T10:58:05Z,585,136,2838,0,1788864904
2026-09-08T11:03:05Z,578,141,2784,0,1788865204
2026-09-08T11:08:05Z,575,142,2466,0,1788865504
2026-09-08T11:13:05Z,571,142,2453,0,1788865804
2026-09-08T11:18:05Z,570,141,2501,0,1788866105
2026-09-08T11:23:05Z,570,136,2501,0,1788866403
2026-09-08T11:28:05Z,567,136,2495,0,1788866703
2026-09-08T11:33:05Z,564,137,2493,0,1788867004
2026-09-08T11:38:05Z,562,134,2483,0,1788867304
2026-09-08T11:43:05Z,560,135,2622,0,1788867604
2026-09-08T11:48:05Z,559,136,2564,0,1788867904
2026-09-08T11:53:05Z,556,138,2405,0,1788868204
2026-09-08T11:58:05Z,552,138,2394,0,1788868504
2026-09-08T12:03:05Z,553,142,2404,0,1788868803
2026-09-08T12:08:05Z,455,124,2391,0,1788869103
2026-09-08T12:13:05Z,453,125,2386,0,1788869404
2026-09-08T12:18:05Z,451,128,2404,0,1788869704
2026-09-08T12:23:05Z,454,126,2357,0,1788870004
2026-09-08T12:28:05Z,454,122,2264,0,1788870304
2026-09-08T12:33:05Z,456,122,2279,0,1788870604
2026-09-08T12:38:05Z,454,124,4353,0,1788870903
2026-09-08T12:43:05Z,450,131,2525,0,1788871203
2026-09-08T12:48:05Z,445,137,2033,0,1788871504
2026-09-08T12:53:05Z,440,142,3416,0,1788871804
2026-09-08T12:58:05Z,435,137,3377,0,1788872104
2026-09-08T13:03:05Z,433,128,2703,0,1788872404
2026-09-08T13:08:05Z,432,124,2240,0,1788872704
2026-09-08T13:13:05Z,434,118,2240,0,1788873003
2026-09-08T13:18:05Z,432,119,2243,0,1788873303
2026-09-08T13:23:05Z,431,117,2083,0,1788873603
2026-09-08T13:28:05Z,430,114,2077,0,1788873903
2026-09-08T13:33:05Z,432,111,2022,0,1788874204
2026-09-08T13:38:05Z,435,111,2073,0,1788874503
2026-09-08T13:43:05Z,430,111,2046,0,1788874803
2026-09-08T13:48:05Z,428,116,2027,0,1788875103
2026-09-08T13:53:05Z,425,115,2242,0,1788875404
2026-09-08T13:58:05Z,425,110,2043,0,1788875703
2026-09-08T14:03:05Z,419,111,2032,0,1788876003
2026-09-08T14:08:05Z,418,111,2021,0,1788876303
2026-09-08T14:13:05Z,413,106,2073,0,1788876604
2026-09-08T14:18:05Z,415,103,2074,0,1788876903
2026-09-08T14:23:05Z,417,100,2065,0,1788877203
2026-09-08T14:28:05Z,419,96,2065,0,1788877504
2026-09-08T14:33:05Z,421,95,2065,0,1788877803
2026-09-08T14:38:04Z,421,96,2050,0,1788878103
2026-09-08T14:43:04Z,421,99,2458,0,1788878403
2026-09-08T14:48:04Z,421,102,2250,0,1788878704
2026-09-08T14:53:04Z,418,100,2251,0,1788879004
2026-09-08T14:58:04Z,417,100,2244,0,1788879303
2026-09-08T15:03:04Z,411,97,2331,0,1788879604
2026-09-08T15:08:04Z,407,99,2322,0,1788879903
2026-09-08T15:13:04Z,405,97,2308,0,1788880203
2026-09-08T15:18:04Z,409,95,2292,0,1788880503
2026-09-08T15:23:04Z,412,93,2497,0,1788880803
2026-09-08T15:28:04Z,412,93,2376,0,1788881103
2026-09-08T15:33:04Z,414,94,2322,0,1788881404
2026-09-08T15:38:04Z,416,89,2220,0,1788881704
2026-09-08T15:43:04Z,416,91,2046,0,1788882004
2026-09-08T15:48:04Z,413,92,2044,0,1788882303
2026-09-08T15:53:05Z,412,91,1979,0,1788882603
2026-09-08T15:58:04Z,408,90,2183,0,1788882903
2026-09-08T16:03:04Z,408,86,1916,0,1788883204
2026-09-08T16:08:04Z,407,83,1901,0,1788883503
2026-09-08T16:13:04Z,406,82,1901,0,1788883803
2026-09-08T16:18:04Z,405,81,1909,0,1788884103
2026-09-08T16:23:04Z,405,81,1908,0,1788884403
2026-09-08T16:28:04Z,403,80,1902,0,1788884703
2026-09-08T16:33:04Z,404,80,1902,0,1788885003
2026-09-08T16:38:04Z,405,77,1882,0,1788885303
2026-09-08T16:43:04Z,407,76,2089,0,1788885603
2026-09-08T16:48:04Z,407,77,2084,0,1788885902
2026-09-08T16:53:04Z,407,78,2120,0,1788886204
2026-09-08T16:58:04Z,406,76,2118,0,1788886503
2026-09-08T17:03:04Z,405,78,2118,0,1788886803
2026-09-08T17:08:04Z,403,78,2109,0,1788887103
2026-09-08T17:13:04Z,403,79,2110,0,1788887403
2026-09-08T17:18:04Z,403,78,1909,0,1788887703
2026-09-08T17:23:04Z,403,74,2109,0,1788888003
2026-09-08T17:28:04Z,403,74,2109,0,1788888303
2026-09-08T17:33:04Z,402,76,2114,0,1788888603
2026-09-08T17:38:04Z,400,77,2117,0,1788888903
2026-09-08T17:43:04Z,400,76,1939,0,1788889203
2026-09-08T17:48:05Z,399,79,1934,0,1788889503
2026-09-08T17:53:05Z,400,80,1933,0,1788889803
2026-09-08T17:58:05Z,400,81,2509,0,1788890103
2026-09-08T18:03:05Z,398,76,1953,0,1788890404
2026-09-08T18:08:05Z,394,79,1957,0,1788890703
2026-09-08T18:13:05Z,390,81,1919,0,1788891004
2026-09-08T18:18:05Z,390,82,1919,0,1788891304
2026-09-08T18:23:05Z,388,79,1919,0,1788891603
2026-09-08T18:28:05Z,389,77,1919,0,1788891903
2026-09-08T18:33:05Z,391,75,1919,0,1788892203
2026-09-08T18:38:05Z,389,77,1905,0,1788892503
2026-09-08T18:43:05Z,385,76,1899,0,1788892802
2026-09-08T18:48:05Z,383,76,1899,0,1788893102
2026-09-08T18:53:05Z,382,75,1921,0,1788893402
2026-09-08T18:58:05Z,381,76,1922,0,1788893704
2026-09-08T19:03:05Z,381,74,1921,0,1788894004
2026-09-08T19:08:05Z,380,75,1921,0,1788894303
2026-09-08T19:13:05Z,381,75,1921,0,1788894602
2026-09-08T19:18:05Z,379,75,1921,0,1788894903
2026-09-08T19:23:05Z,379,74,1921,0,1788895203
2026-09-08T19:28:05Z,379,73,1921,0,1788895503
2026-09-08T19:33:05Z,379,72,1921,0,1788895803
2026-09-08T19:38:05Z,377,74,1921,0,1788896103
2026-09-08T19:43:05Z,377,74,1921,0,1788896403
2026-09-08T19:48:05Z,375,74,1904,0,1788896703
2026-09-08T19:53:05Z,375,73,1904,0,1788897004
2026-09-08T19:58:05Z,375,73,1904,0,1788897303
2026-09-08T20:03:05Z,375,72,1904,0,1788897603
2026-09-08T20:08:05Z,374,73,1904,0,1788897903
2026-09-08T20:13:05Z,374,73,1904,0,1788898203
2026-09-08T20:18:05Z,374,73,1904,0,1788898503
2026-09-08T20:23:05Z,373,73,1904,0,1788898804
2026-09-08T20:28:05Z,373,73,1894,0,1788899103
2026-09-08T20:33:05Z,373,72,1894,0,1788899403
2026-09-08T20:38:05Z,373,71,1894,0,1788899703
2026-09-08T20:43:05Z,373,71,1894,0,1788900003
2026-09-08T20:48:05Z,373,71,1894,0,1788900303
2026-09-08T20:53:05Z,372,71,1894,0,1788900603
2026-09-08T20:58:05Z,373,71,1894,0,1788900903
2026-09-08T21:03:05Z,372,72,2072,0,1788901204
2026-09-08T21:08:05Z,371,73,1889,0,1788901503
2026-09-08T21:13:05Z,372,72,1889,0,1788901803
2026-09-08T21:18:05Z,372,71,1889,0,1788902103
2026-09-08T21:23:05Z,370,71,1889,0,1788902403
2026-09-08T21:28:05Z,370,71,1889,0,1788902704
2026-09-08T21:33:05Z,371,70,1889,0,1788903003
2026-09-08T21:38:05Z,371,70,1889,0,1788903304
2026-09-08T21:43:05Z,372,70,1889,0,1788903602
2026-09-08T21:48:05Z,373,70,1889,0,1788903903
2026-09-08T21:53:05Z,373,70,1889,0,1788904203
2026-09-08T21:58:05Z,373,70,1889,0,1788904503
2026-09-08T22:03:05Z,373,70,1889,0,1788904804
2026-09-08T22:08:05Z,373,70,1889,0,1788905104
2026-09-08T22:13:05Z,373,70,1889,0,1788905422
2026-09-08T22:18:05Z,373,70,1889,0,1788905703
2026-09-08T22:23:05Z,373,70,1889,0,1788906004
2026-09-08T22:28:05Z,373,70,1889,0,1788906303
2026-09-08T22:33:05Z,374,70,1889,0,1788906603
2026-09-08T22:38:05Z,377,70,1889,0,1788906904
2026-09-08T22:43:05Z,377,70,1889,0,1788907203
2026-09-08T22:48:05Z,376,70,1889,0,1788907503
2026-09-08T22:53:05Z,376,70,1889,0,1788907803
2026-09-08T22:58:05Z,376,70,1889,0,1788908103
2026-09-08T23:03:05Z,376,70,1889,0,1788908404
2026-09-08T23:08:05Z,376,70,1889,0,1788908703
2026-09-08T23:13:05Z,376,70,1889,0,1788909002
2026-09-08T23:18:05Z,376,70,1889,0,1788909303
2026-09-08T23:23:05Z,376,70,1889,0,1788909603
2026-09-08T23:28:05Z,376,70,1889,0,1788909904
2026-09-08T23:33:05Z,376,70,1889,0,1788910204
2026-09-08T23:38:05Z,376,70,1889,0,1788910503
2026-09-08T23:43:05Z,376,70,1889,0,1788910803
2026-09-08T23:48:05Z,376,70,1876,0,1788911104
2026-09-08T23:53:05Z,376,70,1876,0,1788911403
2026-09-08T23:58:05Z,376,70,1876,0,1788911703
2026-09-09T00:03:05Z,376,70,1876,0,1788912004
2026-09-09T00:08:05Z,376,70,1872,0,1788912303
2026-09-09T00:13:05Z,376,70,1872,0,1788912603
2026-09-09T00:18:05Z,376,70,1872,0,1788912903
2026-09-09T00:23:05Z,376,70,1872,0,1788913204
2026-09-09T00:28:05Z,376,70,1872,0,1788913502
2026-09-09T00:33:05Z,376,70,1872,0,1788913803
2026-09-09T00:38:05Z,376,70,1872,0,1788914103
2026-09-09T00:43:05Z,376,70,1872,0,1788914404
2026-09-09T00:48:05Z,376,70,1872,0,1788914703
2026-09-09T00:53:05Z,376,70,1872,0,1788915003
2026-09-09T00:58:05Z,376,70,1872,0,1788915303
2026-09-09T01:03:05Z,377,70,1872,0,1788915603
2026-09-09T01:08:05Z,377,70,1872,0,1788915903
2026-09-09T01:13:05Z,377,71,1904,0,1788916203
2026-09-09T01:18:05Z,377,71,1904,0,1788916503
2026-09-09T01:23:05Z,377,71,1904,0,1788916802
2026-09-09T01:28:05Z,377,71,1904,0,1788917104
2026-09-09T01:33:05Z,377,71,1904,0,1788917403
2026-09-09T01:38:05Z,377,71,1904,0,1788917703
2026-09-09T01:43:05Z,377,71,1904,0,1788918003
2026-09-09T01:48:05Z,377,71,1904,0,1788918303
2026-09-09T01:53:05Z,377,71,1904,0,1788918603
2026-09-09T02:03:04Z,377,71,1904,0,1788919203
2026-09-09T02:08:04Z,377,71,1904,0,1788919503
2026-09-09T02:13:04Z,377,71,1904,0,1788919803
2026-09-09T02:18:04Z,378,71,1904,0,1788920103
2026-09-09T02:23:04Z,378,71,1904,0,1788920403
2026-09-09T02:28:04Z,378,71,1904,0,1788920703
2026-09-09T02:33:04Z,378,71,1904,0,1788921003
2026-09-09T02:38:04Z,378,71,1904,0,1788921302
2026-09-09T02:43:04Z,378,71,1904,0,1788921603
2026-09-09T02:48:04Z,378,71,1904,0,1788921903
2026-09-09T02:53:04Z,378,71,1904,0,1788922203
2026-09-09T02:58:04Z,378,71,1904,0,1788922503
2026-09-09T03:03:04Z,378,71,1904,0,1788922803
2026-09-09T03:08:04Z,378,71,1897,0,1788923103
2026-09-09T03:13:04Z,378,71,1897,0,1788923404
2026-09-09T03:18:04Z,378,71,1897,0,1788923704
2026-09-09T03:23:04Z,378,71,1897,0,1788924003
2026-09-09T03:28:04Z,378,70,1897,0,1788924303
2026-09-09T03:33:04Z,378,70,1897,0,1788924603
2026-09-09T03:38:04Z,377,70,1897,0,1788924902
2026-09-09T03:43:04Z,377,70,1897,0,1788925203
2026-09-09T03:48:04Z,377,70,1897,0,1788925503
2026-09-09T03:53:04Z,377,70,1897,0,1788925804
2026-09-09T03:58:04Z,378,70,1897,0,1788926104
2026-09-09T04:03:04Z,378,70,1671,0,1788926403
2026-09-09T04:08:04Z,378,70,1671,0,1788926702
2026-09-09T04:13:04Z,378,69,1671,0,1788927003
2026-09-09T04:18:04Z,378,69,1671,0,1788927303
2026-09-09T04:23:04Z,377,70,1671,0,1788927603
2026-09-09T04:28:04Z,377,70,1671,0,1788927904
2026-09-09T04:33:04Z,380,69,1671,0,1788928203
2026-09-09T04:38:04Z,381,69,1671,0,1788928504
2026-09-09T04:43:04Z,379,69,1671,0,1788928803
2026-09-09T04:48:04Z,380,72,1695,0,1788929103
2026-09-09T04:53:04Z,381,73,1702,0,1788929403
2026-09-09T04:58:04Z,382,73,1702,0,1788929704
2026-09-09T05:03:04Z,380,72,1702,0,1788930003
2026-09-09T05:08:04Z,383,72,1702,0,1788930302
2026-09-09T05:13:04Z,385,73,1702,0,1788930603
2026-09-09T05:18:05Z,388,74,1698,0,1788930903
2026-09-09T05:23:05Z,390,73,1698,0,1788931203
2026-09-09T05:28:05Z,390,75,1713,0,1788931503
2026-09-09T05:33:05Z,393,76,1809,0,1788931803
2026-09-09T05:38:04Z,394,79,1829,0,1788932104
2026-09-09T05:43:05Z,395,81,1863,0,1788932403
2026-09-09T05:48:05Z,397,85,1868,0,1788932704
2026-09-09T05:53:05Z,404,85,1868,0,1788933005
2026-09-09T05:58:05Z,407,85,1880,0,1788933304
2026-09-09T06:03:05Z,402,87,1883,81,1788933604
2026-09-09T06:08:05Z,402,87,1959,81,1788933903
2026-09-09T06:13:05Z,404,87,2107,81,1788934203
2026-09-09T06:18:05Z,410,88,2127,98,1788934504
2026-09-09T06:23:05Z,412,87,1206,98,1788934803
2026-09-09T06:28:05Z,414,88,1104,98,1788935104
2026-09-09T06:33:05Z,412,93,1298,98,1788935404
2026-09-09T06:38:05Z,411,94,1303,98,1788935703
2026-09-09T06:43:05Z,413,92,1307,98,1788936004
2026-09-09T06:48:05Z,410,93,1334,98,1788936303
2026-09-09T06:53:05Z,406,95,1332,98,1788936604
2026-09-09T06:58:05Z,406,97,1398,98,1788936904
2026-09-09T07:03:05Z,404,97,1421,98,1788937204
2026-09-09T07:08:05Z,404,96,1421,98,1788937503
2026-09-09T07:13:05Z,401,101,1427,98,1788937803
2026-09-09T07:18:05Z,397,105,1518,98,1788938103
2026-09-09T07:23:05Z,395,104,1523,98,1788938404
2026-09-09T07:28:05Z,396,104,1261,98,1788938704
2026-09-09T07:33:05Z,396,103,1248,98,1788939003
2026-09-09T07:38:05Z,398,98,1097,98,1788939303
2026-09-09T07:43:05Z,398,100,1100,98,1788939603
2026-09-09T07:48:05Z,395,101,1111,98,1788939903
2026-09-09T07:53:05Z,395,101,1115,98,1788940204
2026-09-09T07:58:05Z,395,97,1116,98,1788940503
2026-09-09T08:03:05Z,396,95,1111,98,1788940803
2026-09-09T08:08:05Z,397,100,1060,98,1788941102
2026-09-09T08:13:05Z,398,101,1038,98,1788941403
2026-09-09T08:18:05Z,397,97,1034,98,1788941703
2026-09-09T08:23:05Z,399,109,1153,98,1788942003
2026-09-09T08:28:05Z,398,107,1070,98,1788942303
2026-09-09T08:33:05Z,397,105,1038,98,1788942604
2026-09-09T08:38:05Z,394,104,998,98,1788942902
2026-09-09T08:43:05Z,391,99,1303,98,1788943202
2026-09-09T08:48:05Z,393,100,3141,98,1788943503
2026-09-09T08:53:05Z,394,101,3300,98,1788943803
2026-09-09T08:58:05Z,389,97,3212,98,1788944104
2026-09-09T09:03:05Z,387,98,3217,98,1788944404
2026-09-09T09:08:05Z,386,95,2126,98,1788944703
2026-09-09T09:13:05Z,384,95,2121,98,1788945003
2026-09-09T09:18:05Z,383,95,1778,98,1788945303
2026-09-09T09:23:05Z,378,94,1804,98,1788945604
2026-09-09T09:28:05Z,376,91,1802,98,1788945904
2026-09-09T09:33:05Z,373,90,1792,98,1788946203
2026-09-09T09:38:05Z,370,92,1773,17,1788946503
2026-09-09T09:43:05Z,364,97,1775,17,1788946803
2026-09-09T09:48:05Z,362,95,792,17,1788947104
2026-09-09T09:53:05Z,364,91,894,17,1788947403
2026-09-09T09:58:05Z,366,86,898,17,1788947703
2026-09-09T10:03:05Z,364,87,884,17,1788948004
2026-09-09T10:08:05Z,356,95,1435,17,1788948303
2026-09-09T10:13:05Z,356,94,1318,17,1788948603
2026-09-09T10:18:05Z,357,92,1411,17,1788948903
2026-09-09T10:23:05Z,359,89,1411,17,1788949204
2026-09-09T10:28:05Z,354,93,2153,17,1788949503
2026-09-09T10:33:05Z,355,93,1557,17,1788949803
2026-09-09T10:38:05Z,355,93,3207,17,1788950103
2026-09-09T10:43:05Z,352,95,1569,17,1788950405
2026-09-09T10:48:06Z,344,97,1568,17,1788950704
2026-09-09T10:53:05Z,340,102,1322,17,1788951003
2026-09-09T10:58:05Z,337,103,803,17,1788951303
2026-09-09T11:03:05Z,337,97,608,17,1788951604
2026-09-09T11:08:05Z,334,93,652,17,1788951904
2026-09-09T11:13:05Z,336,89,649,17,1788952203
2026-09-09T11:18:05Z,333,91,656,17,1788952503
2026-09-09T11:23:05Z,327,93,593,17,1788952804
2026-09-09T11:28:05Z,319,98,604,17,1788953103
2026-09-09T11:33:05Z,320,92,602,17,1788953403
2026-09-09T11:38:05Z,318,86,519,17,1788953703
2026-09-09T11:43:05Z,318,87,611,17,1788954002
2026-09-09T11:48:05Z,317,84,596,17,1788954302
2026-09-09T11:53:05Z,316,84,475,17,1788954603
2026-09-09T11:58:05Z,314,84,624,17,1788954903
2026-09-09T12:03:05Z,317,82,594,17,1788955204
2026-09-09T12:08:05Z,317,80,584,17,1788955503
2026-09-09T12:13:05Z,318,78,597,17,1788955803
2026-09-09T12:18:05Z,318,79,523,17,1788956104
2026-09-09T12:23:05Z,318,81,557,17,1788956403
2026-09-09T12:28:05Z,319,81,537,17,1788956703
2026-09-09T12:33:05Z,318,82,505,17,1788957003
2026-09-09T12:38:05Z,309,86,469,17,1788957303
2026-09-09T12:43:05Z,306,85,684,17,1788957603
2026-09-09T12:48:05Z,304,81,648,17,1788957903
2026-09-09T12:53:05Z,308,79,617,0,1788958202
2026-09-09T12:58:05Z,296,77,979,0,1788958503
2026-09-09T13:03:04Z,294,79,922,0,1788958803
2026-09-09T13:08:04Z,292,80,927,0,1788959103
2026-09-09T13:13:04Z,293,81,966,0,1788959404
2026-09-09T13:18:04Z,283,82,975,0,1788959703
2026-09-09T13:23:04Z,278,83,1020,0,1788960004
2026-09-09T13:28:04Z,276,85,2651,0,1788960303
2026-09-09T13:33:04Z,273,82,1054,0,1788960603
2026-09-09T13:38:04Z,277,82,1078,0,1788960904
2026-09-09T13:43:04Z,269,82,1092,0,1788961203
2026-09-09T15:34:19Z,243,65,551,0,1788967803
2026-09-09T19:13:48Z,192,40,173,0,1788981002
2026-09-09T19:18:05Z,193,36,173,0,1788981302
2026-09-09T19:23:05Z,191,38,208,0,1788981602
2026-09-09T19:28:05Z,192,38,181,0,1788981902
2026-09-09T19:33:05Z,191,38,146,0,1788982203
2026-09-09T19:38:05Z,191,39,146,0,1788982502
2026-09-09T19:43:05Z,190,40,146,0,1788982802
2026-09-09T19:48:05Z,189,39,146,0,1788983102
2026-09-09T19:53:05Z,187,38,155,0,1788983403
2026-09-09T19:58:05Z,187,36,146,0,1788983702
2026-09-09T20:03:05Z,184,40,143,0,1788984003
2026-09-09T20:08:05Z,181,44,586,0,1788984302
2026-09-09T20:13:05Z,181,40,585,0,1788984602
2026-09-09T20:18:05Z,181,36,578,0,1788984902
2026-09-09T20:23:05Z,181,33,578,0,1788985203
2026-09-09T20:28:05Z,183,32,578,0,1788985502
2026-09-09T20:33:05Z,185,32,284,0,1788985802
2026-09-09T20:38:05Z,185,32,284,0,1788986102
2026-09-09T20:43:05Z,185,33,281,0,1788986402
2026-09-09T20:48:05Z,185,33,281,0,1788986702
2026-09-09T20:53:05Z,185,33,298,0,1788987002
2026-09-09T20:58:05Z,184,34,298,0,1788987303
2026-09-09T21:03:05Z,182,36,299,0,1788987604
2026-09-09T21:08:05Z,182,34,149,0,1788987902
2026-09-09T21:13:05Z,181,34,149,0,1788988203
2026-09-09T21:18:05Z,180,35,188,0,1788988503
2026-09-09T21:23:05Z,180,35,188,0,1788988802
2026-09-09T21:28:05Z,177,48,16782,0,1788989104
2026-09-09T21:33:05Z,177,52,4865,0,1788989406
2026-09-09T21:38:05Z,177,52,1567,0,1788989705
2026-09-09T21:43:05Z,177,51,1165,0,1788990005
2026-09-09T21:48:05Z,176,52,189,0,1788990305
2026-09-09T21:53:05Z,176,48,189,0,1788990604
2026-09-09T21:58:05Z,176,47,189,0,1788990906
2026-09-09T22:03:05Z,176,45,189,0,1788991205
2026-09-09T22:08:05Z,175,37,189,0,1788991504
2026-09-09T22:13:05Z,175,35,150,0,1788991822
2026-09-09T22:18:05Z,175,34,150,0,1788992104
2026-09-09T22:23:05Z,175,32,150,0,1788992404
2026-09-09T22:28:05Z,175,32,150,0,1788992702
2026-09-09T22:33:05Z,175,33,175,0,1788993002
2026-09-09T22:38:05Z,175,33,175,0,1788993302
2026-09-09T22:43:05Z,174,33,174,0,1788993602
2026-09-09T22:48:05Z,174,33,174,0,1788993902
2026-09-09T22:53:05Z,174,33,174,0,1788994202
2026-09-09T22:58:05Z,174,32,174,0,1788994502
2026-09-09T23:03:05Z,174,32,174,0,1788994803
2026-09-09T23:08:05Z,174,32,149,0,1788995102
2026-09-09T23:13:06Z,174,32,149,0,1788995402
2026-09-09T23:18:05Z,175,35,160,0,1788995703
2026-09-09T23:23:05Z,175,34,160,0,1788996002
2026-09-09T23:28:05Z,175,34,158,0,1788996303
2026-09-09T23:33:05Z,175,34,158,0,1788996602
2026-09-09T23:38:05Z,175,32,189,0,1788996903
2026-09-09T23:43:05Z,175,32,189,0,1788997202
2026-09-09T23:48:05Z,175,32,189,0,1788997503
2026-09-09T23:58:04Z,175,32,189,0,1788998102
2026-09-10T00:03:04Z,175,32,189,0,1788998403
2026-09-10T00:08:04Z,175,32,189,0,1788998703
2026-09-10T00:13:04Z,175,32,189,0,1788999002
2026-09-10T00:18:04Z,175,32,189,0,1788999302
2026-09-10T00:23:04Z,175,32,189,0,1788999602
2026-09-10T00:28:04Z,175,32,189,0,1788999902
2026-09-10T00:33:04Z,175,32,189,0,1789000202
2026-09-10T00:38:04Z,175,32,150,0,1789000502
2026-09-10T00:43:04Z,175,32,149,0,1789000802
2026-09-10T00:48:04Z,175,33,149,0,1789001103
2026-09-10T00:53:04Z,175,32,149,0,1789001403
2026-09-10T00:58:04Z,175,32,149,0,1789001703
2026-09-10T01:03:04Z,176,32,149,0,1789002003
2026-09-10T01:08:04Z,176,31,149,0,1789002302
2026-09-10T01:13:04Z,176,31,149,0,1789002603
2026-09-10T01:18:04Z,176,31,149,0,1789002903
2026-09-10T01:23:04Z,175,31,149,0,1789003203
2026-09-10T01:28:04Z,175,31,149,0,1789003502
2026-09-10T01:33:04Z,175,31,149,0,1789003802
2026-09-10T01:38:04Z,175,32,274,0,1789004103
2026-09-10T01:43:04Z,175,32,149,0,1789004402
2026-09-10T01:48:04Z,176,32,149,0,1789004702
2026-09-10T01:53:04Z,176,32,149,0,1789005003
2026-09-10T01:58:04Z,176,34,829,0,1789005302
2026-09-10T02:03:04Z,176,37,862,0,1789005602
2026-09-10T02:08:04Z,176,37,862,0,1789005902
2026-09-10T02:13:04Z,176,37,862,0,1789006202
2026-09-10T02:18:04Z,176,37,956,0,1789006503
2026-09-10T02:23:04Z,176,37,956,0,1789006803
2026-09-10T02:28:04Z,176,36,831,0,1789007103
2026-09-10T02:33:04Z,176,36,831,0,1789007402
2026-09-10T02:38:04Z,176,36,831,0,1789007702
2026-09-10T02:43:04Z,176,35,831,0,1789008002
2026-09-10T02:48:04Z,176,35,831,0,1789008302
2026-09-10T02:53:04Z,176,35,829,0,1789008602
2026-09-10T02:58:04Z,174,36,829,0,1789008902
2026-09-10T03:03:04Z,173,35,829,0,1789009203
2026-09-10T03:08:04Z,170,38,671,0,1789009502
2026-09-10T03:13:04Z,168,38,210,0,1789009802
2026-09-10T03:18:04Z,168,35,210,0,1789010102
2026-09-10T03:23:05Z,168,32,210,0,1789010402
2026-09-10T03:28:05Z,168,33,210,0,1789010702
2026-09-10T03:33:05Z,169,33,210,0,1789011002
2026-09-10T03:38:05Z,169,32,186,0,1789011302
2026-09-10T03:43:05Z,170,32,186,0,1789011603
2026-09-10T03:48:05Z,171,30,186,0,1789011902
2026-09-10T03:53:05Z,171,30,186,0,1789012202
2026-09-10T03:58:05Z,170,30,186,0,1789012502
2026-09-10T04:03:05Z,170,31,304,0,1789012802
2026-09-10T04:08:05Z,170,31,186,0,1789013102
2026-09-10T04:13:05Z,170,31,186,0,1789013403
2026-09-10T04:18:05Z,171,30,186,0,1789013702
2026-09-10T04:23:05Z,170,30,186,0,1789014003
2026-09-10T04:28:05Z,171,30,186,0,1789014302
2026-09-10T04:33:05Z,171,32,238,0,1789014602
2026-09-10T04:38:05Z,171,32,238,0,1789014903
2026-09-10T04:43:05Z,172,33,248,0,1789015202
2026-09-10T04:48:05Z,172,32,248,0,1789015503
2026-09-10T04:53:05Z,174,32,248,0,1789015803
2026-09-10T04:58:05Z,176,32,248,0,1789016102
2026-09-10T05:03:05Z,178,32,248,0,1789016403
2026-09-10T05:08:05Z,179,33,310,0,1789016702
2026-09-10T05:13:05Z,181,35,248,0,1789017002
2026-09-10T05:18:05Z,182,37,1164,0,1789017302
2026-09-10T05:23:05Z,184,36,248,0,1789017603
2026-09-10T05:28:05Z,184,35,248,0,1789017902
2026-09-10T05:33:05Z,189,34,248,0,1789018203
2026-09-10T05:38:05Z,193,35,257,0,1789018503
2026-09-10T05:43:05Z,193,39,406,0,1789018802
2026-09-10T05:48:05Z,196,42,378,0,1789019102
2026-09-10T05:53:05Z,199,45,287,0,1789019403
2026-09-10T05:58:05Z,205,53,473,0,1789019702
2026-09-10T06:03:05Z,204,54,479,0,1789020003
2026-09-10T06:08:05Z,207,55,1396,0,1789020302
2026-09-10T06:13:05Z,199,47,788,0,1789020603
2026-09-10T06:18:05Z,202,46,727,0,1789020904
2026-09-10T06:23:05Z,204,46,727,0,1789021203
2026-09-10T06:28:05Z,208,48,793,0,1789021503
2026-09-10T06:33:05Z,210,48,795,0,1789021803
2026-09-10T06:38:05Z,206,57,1758,0,1789022103
2026-09-10T06:43:05Z,204,59,1020,0,1789022403
2026-09-10T06:48:05Z,202,59,1065,0,1789022703
2026-09-10T06:53:05Z,204,56,1017,0,1789023003
2026-09-10T06:58:05Z,204,55,1038,0,1789023303
2026-09-10T07:03:05Z,203,55,1043,0,1789023604
2026-09-10T07:08:05Z,202,53,990,0,1789023903
2026-09-10T07:13:05Z,202,51,744,0,1789024203
2026-09-10T07:18:05Z,202,53,779,0,1789024503
2026-09-10T07:23:05Z,201,51,769,0,1789024803
2026-09-10T07:28:05Z,202,55,831,0,1789025103
2026-09-10T07:33:05Z,202,56,830,0,1789025402
2026-09-10T07:38:05Z,203,54,764,0,1789025703
2026-09-10T07:43:05Z,205,53,781,0,1789026002
2026-09-10T07:48:05Z,205,55,833,0,1789026302
2026-09-10T07:53:05Z,204,56,875,0,1789026603
2026-09-10T07:58:05Z,208,55,875,0,1789026903
2026-09-10T08:03:05Z,205,55,871,0,1789027203
2026-09-10T08:08:05Z,206,54,867,0,1789027503
2026-09-10T08:13:05Z,205,56,870,0,1789027803
2026-09-10T08:18:05Z,207,57,879,0,1789028103
2026-09-10T08:23:05Z,204,59,901,0,1789028403
2026-09-10T08:28:05Z,203,60,878,0,1789028703
2026-09-10T08:33:05Z,203,65,852,0,1789029002
2026-09-10T08:38:05Z,201,66,829,0,1789029302
2026-09-10T08:43:05Z,201,62,833,0,1789029603
2026-09-10T08:48:05Z,200,66,396,0,1789029902
2026-09-10T08:53:05Z,198,64,325,0,1789030203
2026-09-10T08:58:05Z,200,62,323,0,1789030503
2026-09-10T09:03:05Z,196,60,329,0,1789030803
2026-09-10T09:08:08Z,194,54,276,0,1789031103
2026-09-10T09:13:05Z,197,52,272,0,1789031402
2026-09-10T09:18:05Z,194,52,276,0,1789031703
2026-09-10T09:23:05Z,193,53,276,0,1789032002
2026-09-10T09:28:05Z,192,53,268,0,1789032303
2026-09-10T09:33:05Z,187,53,269,0,1789032603
2026-09-10T09:38:05Z,190,55,266,0,1789032903
2026-09-10T09:43:05Z,183,56,276,0,1789033203
2026-09-10T09:48:05Z,178,55,338,0,1789033503
2026-09-10T09:53:05Z,177,54,441,0,1789033802
2026-09-10T09:58:05Z,176,49,441,0,1789034103
2026-09-10T10:03:05Z,167,54,660,0,1789034403
2026-09-10T10:08:05Z,166,53,1223,0,1789034703
2026-09-10T10:13:05Z,166,52,1113,0,1789035003
2026-09-10T10:18:04Z,168,49,1070,0,1789035303
2026-09-10T10:23:04Z,167,50,1072,0,1789035603
2026-09-10T10:28:04Z,161,52,1157,0,1789035903
2026-09-10T10:33:04Z,161,52,1164,0,1789036203
2026-09-10T10:38:04Z,156,53,2934,0,1789036503
2026-09-10T10:43:04Z,160,51,2190,0,1789036803
2026-09-10T10:48:04Z,159,56,1957,0,1789037103
2026-09-10T10:53:04Z,157,56,1972,0,1789037403
2026-09-10T10:58:04Z,159,57,1285,0,1789037703
2026-09-10T11:03:04Z,157,59,1236,0,1789038003
2026-09-10T11:08:04Z,158,63,1243,0,1789038303
2026-09-10T11:13:04Z,161,62,1358,0,1789038603
2026-09-10T11:18:04Z,162,63,1056,0,1789038903
2026-09-10T11:23:04Z,159,60,1021,2,1789039203
2026-09-10T11:28:04Z,162,57,846,2,1789039503
2026-09-10T11:33:04Z,160,59,737,2,1789039803
2026-09-10T11:38:04Z,161,59,737,2,1789040102
2026-09-10T11:43:04Z,161,62,841,2,1789040403
2026-09-10T11:48:04Z,158,63,847,2,1789040702
2026-09-10T11:53:04Z,154,65,726,2,1789041002
2026-09-10T11:58:04Z,152,64,684,2,1789041303
2026-09-10T12:03:04Z,151,64,682,2,1789041603
2026-09-10T12:08:04Z,151,59,624,2,1789041902
2026-09-10T12:13:04Z,153,58,685,2,1789042202
2026-09-10T12:18:04Z,152,54,667,2,1789042503
2026-09-10T12:23:05Z,153,52,604,2,1789042802
2026-09-10T12:28:04Z,148,55,1964,2,1789043103
2026-09-10T12:33:04Z,150,52,1959,2,1789043403
2026-09-10T12:38:04Z,149,51,1964,2,1789043703
2026-09-10T12:43:04Z,148,50,1969,0,1789044003
2026-09-10T12:48:04Z,141,52,2676,0,1789044304
2026-09-10T12:53:04Z,138,54,1627,0,1789044603
2026-09-10T12:58:04Z,139,51,1336,0,1789044903
2026-09-10T13:03:04Z,138,51,1212,0,1789045204
2026-09-10T13:08:04Z,141,56,1003,0,1789045503
2026-09-10T13:13:04Z,142,55,1298,0,1789045803
2026-09-10T13:18:04Z,140,58,1276,0,1789046104
2026-09-10T13:23:04Z,142,61,1293,0,1789046403
2026-09-10T13:28:04Z,140,61,1130,0,1789046704
2026-09-10T13:33:04Z,141,56,1129,0,1789047003
2026-09-10T13:38:04Z,140,51,1120,0,1789047304
2026-09-10T13:43:04Z,139,52,1120,0,1789047603
2026-09-10T13:48:04Z,135,52,1122,0,1789047903
2026-09-10T13:53:04Z,139,47,1031,0,1789048202
2026-09-10T13:58:04Z,138,49,1193,0,1789048502
2026-09-10T14:03:05Z,137,49,755,0,1789048803
2026-09-10T14:08:05Z,137,50,1203,0,1789049103
2026-09-10T14:13:05Z,141,49,1198,0,1789049402
2026-09-10T14:18:05Z,140,48,1199,0,1789049702
2026-09-10T14:23:05Z,140,47,1053,0,1789050002
2026-09-10T14:28:05Z,136,54,1067,0,1789050302
2026-09-10T14:33:05Z,138,51,743,0,1789050602
2026-09-10T14:38:05Z,141,52,1954,0,1789050902
2026-09-10T14:43:05Z,144,51,1945,0,1789051203
2026-09-10T14:48:05Z,142,51,3103,0,1789051503
2026-09-10T14:53:05Z,139,52,3138,0,1789051802
2026-09-10T14:58:05Z,139,49,3137,0,1789052103
2026-09-10T15:03:05Z,138,48,3157,0,1789052403
2026-09-10T15:08:05Z,138,44,3157,0,1789052702
2026-09-10T15:13:05Z,139,44,2712,0,1789053002
2026-09-10T15:18:05Z,137,43,2712,0,1789053302
2026-09-10T15:23:05Z,137,45,2493,0,1789053603
2026-09-10T15:28:05Z,137,44,2488,0,1789053902
2026-09-10T15:33:05Z,136,45,2060,0,1789054203
2026-09-10T15:38:05Z,136,43,2060,0,1789054502
2026-09-10T15:43:05Z,137,47,2011,0,1789054802
2026-09-10T15:48:05Z,138,45,1624,0,1789055102
2026-09-10T15:53:05Z,136,46,1555,0,1789055402
2026-09-10T15:58:05Z,134,44,1586,0,1789055702
2026-09-10T16:03:05Z,133,43,1586,0,1789056003
2026-09-10T16:08:05Z,134,41,1586,0,1789056303
2026-09-10T16:13:05Z,130,43,1257,0,1789056603
2026-09-10T16:18:05Z,132,41,1256,0,1789056903
2026-09-10T16:23:05Z,132,42,1352,0,1789057202
2026-09-10T16:28:05Z,131,42,1321,0,1789057502
2026-09-10T16:33:05Z,132,43,1327,0,1789057803
2026-09-10T16:38:05Z,132,42,485,0,1789058102
2026-09-10T16:43:05Z,129,42,476,0,1789058402
2026-09-10T16:48:05Z,128,44,489,0,1789058702
2026-09-10T16:53:05Z,126,45,489,0,1789059002
2026-09-10T16:58:05Z,122,47,491,0,1789059303
2026-09-10T17:03:05Z,122,48,508,0,1789059603
2026-09-10T17:08:05Z,122,44,481,0,1789059902
2026-09-10T17:13:05Z,124,44,411,0,1789060203
2026-09-10T17:18:05Z,125,43,403,0,1789060503
2026-09-10T17:23:05Z,122,44,376,0,1789060802
2026-09-10T17:28:05Z,123,44,317,0,1789061102
2026-09-10T17:33:05Z,121,43,320,0,1789061402
2026-09-10T17:38:05Z,121,42,318,0,1789061702
2026-09-10T17:43:05Z,123,40,311,0,1789062002
2026-09-10T17:48:05Z,120,40,316,0,1789062302
2026-09-10T17:53:05Z,120,39,310,0,1789062602
2026-09-10T17:58:05Z,119,39,297,0,1789062902
2026-09-10T18:03:05Z,119,37,291,0,1789063202
2026-09-10T18:08:05Z,119,38,291,0,1789063502
2026-09-10T18:13:05Z,120,35,288,0,1789063802
2026-09-10T18:18:05Z,119,35,288,0,1789064102
2026-09-10T18:23:05Z,118,35,289,0,1789064402
2026-09-10T18:28:05Z,118,35,289,0,1789064702
2026-09-10T18:33:05Z,116,37,289,0,1789065003
2026-09-10T18:38:05Z,116,38,291,0,1789065302
2026-09-10T18:43:05Z,116,36,289,0,1789065603
2026-09-10T18:48:05Z,116,36,265,0,1789065902
2026-09-10T18:53:05Z,114,37,265,0,1789066203
2026-09-10T18:58:05Z,114,37,265,0,1789066503
2026-09-10T19:03:05Z,114,32,257,0,1789066803
2026-09-10T19:08:05Z,112,32,240,0,1789067102
2026-09-10T19:13:05Z,112,32,240,0,1789067402
2026-09-10T19:18:05Z,112,33,241,0,1789067702
2026-09-10T19:23:05Z,109,34,242,0,1789068002
2026-09-10T19:28:05Z,107,35,241,0,1789068302
2026-09-10T19:33:05Z,104,36,237,0,1789068603
2026-09-10T19:38:05Z,101,35,238,0,1789068902
2026-09-10T19:43:05Z,99,34,237,0,1789069203
2026-09-10T19:48:05Z,99,35,237,0,1789069502
2026-09-10T19:53:05Z,99,33,237,0,1789069802
2026-09-10T19:58:05Z,99,31,297,0,1789070102
2026-09-10T20:03:05Z,98,32,284,0,1789070402
2026-09-10T20:08:05Z,97,30,284,0,1789070702
2026-09-10T20:13:05Z,95,31,171,0,1789071002
2026-09-10T20:18:05Z,93,32,171,0,1789071301
2026-09-10T20:23:05Z,91,32,176,0,1789071603
2026-09-10T20:28:05Z,91,30,167,0,1789071902
2026-09-10T20:33:05Z,89,29,167,0,1789072203
2026-09-10T20:38:05Z,89,28,167,0,1789072502
2026-09-10T20:43:05Z,87,28,167,0,1789072803
2026-09-10T20:48:05Z,87,28,167,0,1789073102
2026-09-10T20:53:05Z,86,29,168,0,1789073402
2026-09-10T20:58:05Z,84,29,186,0,1789073701
2026-09-10T21:03:05Z,83,29,174,0,1789074002
2026-09-10T21:08:05Z,83,30,288,0,1789074303
2026-09-10T21:13:05Z,84,29,233,0,1789074602
2026-09-10T21:18:05Z,85,28,158,0,1789074902
2026-09-10T21:23:05Z,86,26,158,0,1789075202
2026-09-10T21:28:05Z,86,26,152,0,1789075502
2026-09-10T21:33:05Z,86,26,152,0,1789075802
2026-09-10T21:38:05Z,85,25,153,0,1789076101
2026-09-10T21:43:05Z,84,26,152,0,1789076401
2026-09-10T21:48:05Z,83,28,152,0,1789076702
2026-09-10T21:53:05Z,83,26,152,0,1789077002
2026-09-10T21:58:05Z,82,25,139,0,1789077302
2026-09-10T22:03:05Z,83,25,139,0,1789077603
2026-09-10T22:08:05Z,83,25,139,0,1789077902
2026-09-10T22:13:04Z,81,25,139,0,1789078201
2026-09-10T22:18:04Z,80,24,172,0,1789078502
2026-09-10T22:23:04Z,80,24,172,0,1789078802
2026-09-10T22:28:04Z,80,23,172,0,1789079102
2026-09-10T22:33:04Z,80,24,651,0,1789079402
2026-09-10T22:38:04Z,80,25,172,0,1789079703
2026-09-10T22:43:04Z,80,25,172,0,1789080003
2026-09-10T22:48:04Z,80,25,172,0,1789080303
2026-09-10T22:53:04Z,80,25,172,0,1789080602
2026-09-10T22:58:04Z,80,24,172,0,1789080902
2026-09-10T23:03:04Z,80,24,172,0,1789081203
2026-09-10T23:08:04Z,80,23,172,0,1789081503
2026-09-10T23:13:04Z,80,23,172,0,1789081802
2026-09-10T23:18:04Z,80,25,235,0,1789082102
2026-09-10T23:23:04Z,79,26,167,0,1789082402
2026-09-10T23:28:04Z,79,26,167,0,1789082702
2026-09-10T23:33:04Z,78,25,168,0,1789083002
2026-09-10T23:38:04Z,78,24,153,0,1789083302
2026-09-10T23:43:04Z,78,24,153,0,1789083602
2026-09-10T23:48:04Z,78,24,220,0,1789083902
2026-09-10T23:53:04Z,77,24,193,0,1789084202
2026-09-10T23:58:04Z,77,24,193,0,1789084502
2026-09-11T00:03:04Z,77,22,193,0,1789084802
2026-09-11T00:08:04Z,77,22,193,0,1789085102
2026-09-11T00:13:04Z,77,22,193,0,1789085402
2026-09-11T00:18:04Z,77,22,193,0,1789085702
2026-09-11T00:23:04Z,77,22,193,0,1789086001
2026-09-11T00:28:04Z,77,22,193,0,1789086302
2026-09-11T00:33:04Z,77,22,193,0,1789086602
2026-09-11T00:38:04Z,77,22,193,0,1789086903
2026-09-11T00:43:04Z,77,22,193,0,1789087202
2026-09-11T00:48:04Z,76,23,193,0,1789087502
2026-09-11T00:53:04Z,76,23,193,0,1789087802
2026-09-11T00:58:04Z,76,25,137,0,1789088102
2026-09-11T01:03:04Z,76,26,177,0,1789088402
2026-09-11T01:08:04Z,76,26,177,0,1789088702
2026-09-11T01:13:04Z,75,25,177,0,1789089002
2026-09-11T01:18:04Z,75,26,325,0,1789089303
2026-09-11T01:23:04Z,75,26,178,0,1789089603
2026-09-11T01:28:04Z,75,24,178,0,1789089903
2026-09-11T01:33:04Z,75,24,178,0,1789090202
2026-09-11T01:38:04Z,75,24,178,0,1789090502
2026-09-11T01:43:04Z,75,24,158,0,1789090802
2026-09-11T01:48:04Z,75,24,138,0,1789091102
2026-09-11T01:53:04Z,73,25,138,0,1789091402
2026-09-11T01:58:04Z,73,24,138,0,1789091703
2026-09-11T02:03:05Z,73,24,154,0,1789092003
2026-09-11T02:08:04Z,73,24,212,0,1789092302
2026-09-11T02:13:05Z,73,24,212,0,1789092601
2026-09-11T02:18:05Z,73,24,192,0,1789092902
2026-09-11T02:23:05Z,73,24,192,0,1789093203
2026-09-11T02:28:04Z,74,24,192,0,1789093502
2026-09-11T02:33:05Z,74,24,259,0,1789093802
2026-09-11T02:38:05Z,75,24,259,0,1789094102
2026-09-11T02:43:05Z,75,24,259,0,1789094401
2026-09-11T02:48:05Z,75,24,259,0,1789094702
2026-09-11T02:53:05Z,75,24,259,0,1789095002
2026-09-11T02:58:05Z,75,24,259,0,1789095302
2026-09-11T03:03:05Z,74,25,259,0,1789095602
2026-09-11T03:08:05Z,74,25,259,0,1789095903
2026-09-11T03:13:05Z,74,24,259,0,1789096202
2026-09-11T03:18:05Z,74,24,259,0,1789096503
2026-09-11T03:23:05Z,75,24,259,0,1789096803
2026-09-11T03:28:05Z,75,24,259,0,1789097102
2026-09-11T03:33:05Z,75,24,259,0,1789097402
2026-09-11T03:38:05Z,78,24,259,0,1789097701
2026-09-11T03:43:05Z,78,24,259,0,1789098002
2026-09-11T03:48:05Z,77,25,262,0,1789098302
2026-09-11T03:53:05Z,77,25,262,0,1789098602
2026-09-11T03:58:05Z,78,25,262,0,1789098902
2026-09-11T04:03:05Z,79,25,262,0,1789099202
2026-09-11T04:08:05Z,79,25,262,0,1789099503
2026-09-11T04:13:05Z,79,25,262,0,1789099802
2026-09-11T04:18:05Z,81,25,262,0,1789100102
2026-09-11T04:23:05Z,82,25,262,0,1789100402
2026-09-11T04:28:05Z,82,25,235,0,1789100702
2026-09-11T04:33:05Z,83,25,234,0,1789101002
2026-09-11T04:38:05Z,85,25,234,0,1789101302
2026-09-11T04:43:05Z,87,25,234,0,1789101601
2026-09-11T04:48:05Z,90,25,234,0,1789101902
2026-09-11T04:53:05Z,91,25,234,0,1789102202
2026-09-11T04:58:05Z,92,25,234,0,1789102502
2026-09-11T05:03:05Z,91,25,234,0,1789102802
2026-09-11T05:08:05Z,93,25,234,0,1789103102
2026-09-11T05:13:05Z,95,26,239,0,1789103402
2026-09-11T05:18:05Z,96,26,236,15,1789103702
2026-09-11T05:23:05Z,99,26,236,15,1789104002
2026-09-11T05:28:05Z,98,27,265,15,1789104303
2026-09-11T05:33:05Z,98,28,265,15,1789104602
2026-09-11T05:38:05Z,101,28,265,15,1789104902
2026-09-11T05:43:05Z,103,29,268,15,1789105202
2026-09-11T05:48:05Z,107,30,268,324,1789105502
2026-09-11T05:53:05Z,109,31,254,324,1789105802
2026-09-11T05:58:05Z,109,31,245,324,1789106102
2026-09-11T06:03:05Z,110,33,268,324,1789106402
2026-09-11T06:08:05Z,110,38,276,324,1789106702
2026-09-11T06:13:05Z,111,42,307,324,1789107002
2026-09-11T06:18:05Z,112,45,458,325,1789107302
2026-09-11T06:23:05Z,110,48,2968,325,1789107602
2026-09-11T06:28:05Z,111,45,2968,325,1789107902
2026-09-11T06:33:05Z,114,47,476,325,1789108202
2026-09-11T06:38:05Z,117,46,538,325,1789108502
2026-09-11T06:43:05Z,118,50,682,325,1789108802
2026-09-11T06:48:05Z,119,56,713,325,1789109102
2026-09-11T06:53:05Z,119,53,785,325,1789109402
2026-09-11T06:58:05Z,120,53,785,325,1789109702
2026-09-11T07:03:05Z,122,53,580,324,1789110003
2026-09-11T07:08:05Z,124,52,581,324,1789110302
2026-09-11T07:13:05Z,129,54,623,324,1789110603
2026-09-11T07:18:05Z,128,58,686,324,1789110903
2026-09-11T07:23:05Z,131,57,681,324,1789111202
2026-09-11T07:28:05Z,134,56,673,324,1789111502
2026-09-11T07:33:05Z,136,58,606,324,1789111803
2026-09-11T07:38:05Z,139,58,606,324,1789112103
2026-09-11T07:43:05Z,137,58,606,324,1789112402
2026-09-11T07:48:05Z,133,59,607,324,1789112703
2026-09-11T07:53:05Z,136,56,577,324,1789113003
2026-09-11T07:58:05Z,131,57,582,324,1789113303
2026-09-11T08:03:05Z,130,57,696,324,1789113603
2026-09-11T08:08:05Z,131,56,627,324,1789113904
2026-09-11T08:13:05Z,130,50,622,324,1789114203
2026-09-11T08:18:05Z,129,49,597,324,1789114504
2026-09-11T08:23:05Z,129,46,597,324,1789114803
2026-09-11T08:28:05Z,136,52,1795,324,1789115103
2026-09-11T08:33:05Z,136,54,655,324,1789115403
2026-09-11T08:38:05Z,132,57,581,324,1789115703
2026-09-11T08:43:05Z,130,56,589,324,1789116003
2026-09-11T08:48:05Z,130,55,586,324,1789116303
2026-09-11T08:53:05Z,129,56,592,324,1789116602
2026-09-11T08:58:05Z,133,55,588,324,1789116902
2026-09-11T09:03:05Z,134,56,592,324,1789117203
2026-09-11T09:08:05Z,135,57,751,324,1789117503
2026-09-11T09:13:05Z,136,58,461,324,1789117803
2026-09-11T09:18:04Z,136,56,383,324,1789118102
2026-09-11T09:23:04Z,135,58,376,324,1789118403
2026-09-11T09:28:04Z,135,57,373,324,1789118703
2026-09-11T09:33:04Z,133,52,2756,324,1789119003
2026-09-11T09:38:04Z,132,48,390,324,1789119302
2026-09-11T09:43:04Z,131,45,333,324,1789119602
2026-09-11T09:48:04Z,130,45,324,324,1789119902
2026-09-11T09:53:04Z,131,42,323,324,1789120203
2026-09-11T09:58:04Z,129,40,250,309,1789120503
2026-09-11T10:03:04Z,130,36,516,309,1789120803
2026-09-11T10:08:04Z,127,38,308,309,1789121102
2026-09-11T10:13:04Z,126,41,265,309,1789121402
2026-09-11T10:18:04Z,127,40,272,309,1789121702
2026-09-11T10:23:04Z,127,41,275,309,1789122002
2026-09-11T10:28:04Z,129,39,275,309,1789122302
2026-09-11T10:33:04Z,126,40,2651,309,1789122602
2026-09-11T10:38:04Z,127,40,269,309,1789122903
2026-09-11T10:43:04Z,125,41,252,309,1789123203
2026-09-11T10:48:04Z,125,36,191,309,1789123503
2026-09-11T10:53:04Z,122,37,193,309,1789123802
2026-09-11T10:58:04Z,125,35,198,309,1789124102
2026-09-11T11:03:04Z,122,37,201,309,1789124403
2026-09-11T11:08:04Z,124,35,181,309,1789124703
2026-09-11T11:13:04Z,123,40,166,309,1789125003
2026-09-11T11:18:04Z,122,38,169,309,1789125303
2026-09-11T11:23:04Z,120,39,167,309,1789125602
2026-09-11T11:28:04Z,119,39,160,309,1789125902
2026-09-11T11:33:04Z,117,39,130,309,1789126203
2026-09-11T11:38:04Z,112,39,124,309,1789126502
2026-09-11T11:43:04Z,111,38,123,309,1789126803
2026-09-11T11:48:04Z,109,39,122,309,1789127103
2026-09-11T11:53:04Z,108,36,122,309,1789127402
2026-09-11T11:58:04Z,106,35,121,309,1789127703
2026-09-11T12:03:04Z,106,34,144,309,1789128002
2026-09-11T12:08:04Z,103,32,166,0,1789128302
2026-09-11T12:13:04Z,102,33,187,0,1789128603
2026-09-11T12:18:04Z,104,36,222,0,1789128902
2026-09-11T12:23:04Z,104,37,232,0,1789129202
2026-09-11T12:28:04Z,109,36,234,0,1789129502
2026-09-11T12:33:04Z,105,37,224,0,1789129803
2026-09-11T12:38:04Z,104,38,225,0,1789130102
2026-09-11T12:43:04Z,104,37,538,0,1789130403
2026-09-11T12:48:04Z,103,36,538,0,1789130703
2026-09-11T12:53:04Z,98,40,543,0,1789131002
2026-09-11T12:58:04Z,101,40,543,0,1789131302
2026-09-11T13:03:05Z,101,37,543,0,1789131603
2026-09-11T13:08:05Z,101,36,551,0,1789131903
2026-09-11T13:13:05Z,97,39,608,0,1789132202
2026-09-11T13:18:05Z,100,38,572,0,1789132502
2026-09-11T13:23:05Z,101,39,605,0,1789132802
2026-09-11T13:28:05Z,102,37,586,0,1789133102
2026-09-11T13:33:05Z,99,39,583,0,1789133402
2026-09-11T13:38:05Z,100,40,570,0,1789133702
2026-09-11T13:43:05Z,99,36,567,0,1789134002
2026-09-11T13:48:05Z,99,35,253,0,1789134302
2026-09-11T13:53:05Z,103,31,263,0,1789134602
2026-09-11T13:58:05Z,102,30,240,0,1789134903
2026-09-11T14:03:05Z,101,29,221,0,1789135203
2026-09-11T14:08:05Z,101,28,221,0,1789135503
2026-09-11T14:13:05Z,99,27,217,0,1789135802
2026-09-11T14:18:05Z,95,28,316,0,1789136102
2026-09-11T14:23:05Z,95,26,294,0,1789136403
2026-09-11T14:28:05Z,94,28,473,0,1789136703
2026-09-11T14:33:05Z,96,24,304,0,1789137002
2026-09-11T14:38:05Z,95,24,305,0,1789137302
2026-09-11T14:43:05Z,92,24,304,0,1789137602
2026-09-11T14:48:05Z,91,26,290,0,1789137902
2026-09-11T14:53:05Z,89,25,287,0,1789138203
2026-09-12T19:58:09Z,29,7,122,0,1789242903
2026-09-12T20:08:05Z,29,7,122,0,1789243502
2026-09-12T20:13:05Z,28,8,122,0,1789243802
2026-09-12T20:18:05Z,27,9,122,0,1789244102
2026-09-12T20:23:05Z,26,8,122,0,1789244402
2026-09-12T20:28:05Z,26,8,146,0,1789244702
2026-09-12T20:33:05Z,26,8,146,0,1789245002
2026-09-12T20:38:05Z,25,9,146,0,1789245302
2026-09-12T20:43:05Z,25,9,146,0,1789245602
2026-09-12T20:48:05Z,25,9,146,0,1789245901
2026-09-12T20:53:05Z,25,9,179,0,1789246201
2026-09-12T20:58:05Z,24,10,179,0,1789246501
2026-09-12T21:03:05Z,24,10,179,0,1789246802
2026-09-12T21:08:05Z,24,9,179,0,1789247103
2026-09-12T21:13:05Z,24,9,179,0,1789247402
2026-09-12T21:18:05Z,24,9,146,0,1789247702
2026-09-12T21:23:05Z,24,9,146,0,1789248002
2026-09-12T21:28:05Z,23,10,147,0,1789248302
2026-09-12T21:33:05Z,23,9,148,0,1789248602
2026-09-12T21:38:05Z,23,9,146,0,1789248902
2026-09-12T21:43:05Z,23,9,146,0,1789249202
2026-09-12T21:48:05Z,23,8,146,0,1789249502
2026-09-12T21:53:05Z,23,8,146,0,1789249802
2026-09-12T21:58:05Z,23,8,146,0,1789250102
2026-09-12T22:03:05Z,23,8,146,0,1789250402
2026-09-12T22:08:05Z,23,8,146,0,1789250702
2026-09-12T22:13:05Z,23,8,146,0,1789251021
2026-09-12T22:18:05Z,23,8,146,0,1789251302
2026-09-12T22:23:05Z,23,8,146,0,1789251603
2026-09-12T22:33:04Z,23,8,146,0,1789252201
2026-09-12T22:38:04Z,23,8,146,0,1789252502
2026-09-12T22:43:04Z,23,8,146,0,1789252802
2026-09-12T22:48:04Z,23,8,146,0,1789253102
2026-09-12T22:53:04Z,23,8,146,0,1789253402
2026-09-12T22:58:04Z,23,8,146,0,1789253702
2026-09-12T23:03:04Z,23,8,146,0,1789254002
2026-09-12T23:08:04Z,23,8,146,0,1789254301
2026-09-12T23:13:04Z,23,8,146,0,1789254602
2026-09-12T23:18:04Z,23,8,146,0,1789254902
2026-09-12T23:23:04Z,23,8,146,0,1789255202
2026-09-12T23:28:04Z,23,8,146,0,1789255501
2026-09-12T23:33:04Z,23,8,146,0,1789255802
2026-09-12T23:38:04Z,23,8,146,0,1789256102
2026-09-12T23:43:04Z,23,8,146,0,1789256402
2026-09-12T23:48:04Z,23,9,158,0,1789256703
2026-09-12T23:53:04Z,23,9,158,0,1789257002
2026-09-12T23:58:04Z,23,10,191,0,1789257302
2026-09-13T00:03:04Z,23,10,191,0,1789257602
2026-09-13T00:08:05Z,23,10,191,0,1789257902
2026-09-13T00:18:04Z,23,10,191,0,1789258502
2026-09-13T00:23:04Z,23,10,191,0,1789258802
2026-09-13T00:28:04Z,23,10,191,0,1789259102
2026-09-13T00:33:04Z,23,10,191,0,1789259402
2026-09-13T00:38:04Z,23,10,191,0,1789259702
2026-09-13T00:43:04Z,23,10,179,0,1789260002
2026-09-13T00:48:04Z,23,11,190,0,1789260302
2026-09-13T00:53:04Z,23,11,190,0,1789260602
2026-09-13T00:58:04Z,23,10,190,0,1789260902
2026-09-13T01:03:04Z,23,10,157,0,1789261202
2026-09-13T01:08:04Z,23,10,157,0,1789261502
2026-09-13T01:13:04Z,23,9,157,0,1789261802
2026-09-13T01:18:04Z,23,9,157,0,1789262101
2026-09-13T01:23:05Z,23,9,157,0,1789262401
2026-09-13T01:28:05Z,23,9,157,0,1789262702
2026-09-13T01:33:05Z,23,9,157,0,1789263002
2026-09-13T07:12:18Z,35,12,206,0,1789283402
2026-09-13T07:13:05Z,35,10,206,0,1789283402
2026-09-13T07:18:05Z,36,9,225,0,1789283702
2026-09-13T07:23:05Z,34,12,226,0,1789284002
2026-09-13T07:28:05Z,34,15,225,0,1789284302
2026-09-13T07:33:05Z,34,28,361,0,1789284602
2026-09-13T07:38:05Z,35,23,361,0,1789284902
2026-09-13T07:43:05Z,37,21,359,0,1789285202
2026-09-13T07:48:05Z,34,14,417,0,1789285502
2026-09-13T07:53:05Z,33,16,403,0,1789285802
2026-09-13T07:58:05Z,33,15,403,0,1789286102
2026-09-13T08:03:05Z,32,16,405,0,1789286402
2026-09-13T08:08:05Z,31,19,283,0,1789286701
2026-09-13T08:13:05Z,32,18,98,0,1789287002
2026-09-13T08:18:05Z,32,14,98,0,1789287302
2026-09-13T08:23:05Z,31,13,151,0,1789287602
2026-09-13T08:28:05Z,30,14,159,0,1789287902
2026-09-13T08:33:05Z,31,12,151,0,1789288202
2026-09-13T08:38:05Z,31,13,132,0,1789288503
2026-09-13T08:43:05Z,29,13,132,0,1789288802
2026-09-13T08:48:05Z,30,12,132,0,1789289103
2026-09-13T08:53:05Z,29,10,132,0,1789289402
2026-09-13T08:58:05Z,30,10,132,0,1789289702
2026-09-13T09:03:05Z,29,11,133,0,1789290001
2026-09-13T09:08:05Z,30,11,132,0,1789290302
2026-09-13T09:13:05Z,32,10,132,0,1789290603
2026-09-13T09:18:05Z,32,9,132,0,1789290902
2026-09-13T09:23:05Z,30,12,132,0,1789291202
2026-09-13T09:28:05Z,30,14,132,0,1789291502
2026-09-13T09:33:05Z,28,16,125,0,1789291802
2026-09-13T09:38:05Z,30,12,235,0,1789292102
2026-09-13T09:43:05Z,30,9,235,0,1789292401
2026-09-13T09:48:05Z,30,9,235,0,1789292702
2026-09-13T09:53:05Z,31,9,195,0,1789293002
2026-09-13T09:58:05Z,32,9,194,0,1789293302
2026-09-13T10:03:05Z,31,11,91,0,1789293602
2026-09-13T10:08:05Z,32,12,91,0,1789293902
2026-09-13T10:13:05Z,33,10,91,0,1789294202
2026-09-13T10:18:05Z,34,10,91,0,1789294502
2026-09-13T10:23:05Z,35,11,108,0,1789294802
2026-09-13T10:28:05Z,36,8,101,0,1789295102
2026-09-13T10:33:05Z,37,11,1457,0,1789295402
2026-09-13T10:38:05Z,39,11,1457,0,1789295701
2026-09-13T10:43:05Z,37,12,1461,0,1789296001
2026-09-13T10:48:05Z,36,12,1459,0,1789296302
2026-09-13T10:53:05Z,36,14,1459,0,1789296602
2026-09-13T10:58:05Z,37,14,1459,0,1789296902
2026-09-13T11:03:05Z,36,14,1463,0,1789297202
2026-09-13T11:08:05Z,36,14,105,0,1789297502
2026-09-13T11:13:05Z,38,13,106,0,1789297802
2026-09-13T11:18:05Z,38,11,105,0,1789298103
2026-09-13T11:23:06Z,38,14,38,0,1789298402
2026-09-13T11:28:05Z,40,13,38,0,1789298702
2026-09-13T11:33:05Z,40,12,38,0,1789299001
2026-09-13T11:38:05Z,39,11,137,0,1789299301
2026-09-13T11:43:05Z,40,11,132,0,1789299603
2026-09-13T11:48:05Z,40,11,132,0,1789299902
2026-09-13T11:53:07Z,40,11,133,0,1789300202
2026-09-13T11:58:06Z,42,11,70,0,1789300502
2026-09-13T12:03:05Z,42,10,70,0,1789300802
2026-09-13T12:08:05Z,43,8,17,0,1789301102
2026-09-13T12:13:05Z,40,11,19,0,1789301402
2026-09-13T12:18:06Z,39,9,17,0,1789301702
2026-09-13T12:23:05Z,38,13,430,0,1789302003
2026-09-13T12:28:05Z,38,13,430,0,1789302302
2026-09-13T12:33:05Z,39,11,430,0,1789302602
2026-09-13T12:38:06Z,39,11,331,0,1789302903
2026-09-13T12:43:05Z,41,10,340,0,1789303202
2026-09-13T12:48:04Z,39,13,345,0,1789303501
2026-09-13T12:53:05Z,38,14,345,0,1789303802
2026-09-13T12:58:04Z,37,15,349,0,1789304102
2026-09-13T13:03:04Z,38,11,348,0,1789304402
2026-09-13T13:08:04Z,37,14,390,0,1789304701
2026-09-13T13:13:05Z,37,13,151,0,1789305002
2026-09-13T13:18:04Z,38,13,80,0,1789305302
2026-09-13T13:23:04Z,37,10,80,0,1789305602
2026-09-13T13:28:05Z,37,13,568,0,1789305902
2026-09-13T13:33:05Z,38,14,80,0,1789306202
2026-09-13T13:38:06Z,39,14,568,0,1789306502
2026-09-13T13:43:05Z,38,14,560,0,1789306802
2026-09-13T13:48:05Z,37,12,72,0,1789307102
2026-09-13T15:40:37Z,26,17,527,0,1789314002
2026-09-13T15:46:18Z,25,16,431,0,1789314301
2026-09-13T15:53:05Z,24,15,432,0,1789314601
2026-09-13T15:58:05Z,24,14,495,0,1789314901
2026-09-13T16:03:05Z,23,15,432,0,1789315202
2026-09-13T16:08:05Z,23,15,425,0,1789315502
2026-09-13T16:13:05Z,24,11,425,0,1789315803
2026-09-13T16:18:06Z,21,13,264,0,1789316101
2026-09-13T16:23:05Z,21,12,117,0,1789316401
2026-09-13T16:28:05Z,21,12,117,0,1789316702
2026-09-13T16:33:05Z,22,11,118,0,1789317002
2026-09-13T16:38:05Z,22,10,117,0,1789317302
2026-09-13T16:43:05Z,21,11,117,0,1789317603
2026-09-13T16:48:05Z,20,11,117,0,1789317902
2026-09-13T16:53:05Z,22,12,68,0,1789318202
2026-09-13T16:58:05Z,24,11,17,0,1789318502
2026-09-13T17:03:05Z,24,9,17,0,1789318802
2026-09-13T17:08:05Z,24,6,17,0,1789319102
2026-09-13T17:13:05Z,23,7,17,0,1789319402
2026-09-13T17:18:05Z,19,8,18,0,1789319702
2026-09-13T17:23:05Z,18,8,52,0,1789320002
2026-09-13T17:28:05Z,18,8,52,0,1789320302
2026-09-13T17:33:05Z,19,7,52,0,1789320601
2026-09-13T17:38:05Z,19,6,52,0,1789320901
2026-09-13T17:43:05Z,19,6,52,0,1789321201
2026-09-13T17:48:05Z,18,8,53,0,1789321502
2026-09-13T17:53:05Z,18,8,65,0,1789321802
2026-09-13T17:58:05Z,18,8,30,0,1789322102
2026-09-13T18:03:05Z,18,7,30,0,1789322402
2026-09-13T18:08:05Z,20,7,30,0,1789322702
2026-09-13T18:13:05Z,22,7,30,0,1789323002
2026-09-13T18:18:05Z,21,7,30,0,1789323302
2026-09-13T18:23:05Z,20,7,30,0,1789323602
2026-09-13T18:28:05Z,18,8,90,0,1789323902
2026-09-13T18:33:05Z,18,8,30,0,1789324202
2026-09-13T18:38:05Z,17,10,31,0,1789324502
2026-09-13T18:43:05Z,17,10,110,0,1789324802
2026-09-13T18:48:05Z,17,11,110,0,1789325101
2026-09-13T18:53:05Z,18,11,190,0,1789325406
2026-09-13T18:58:05Z,18,9,190,0,1789325704
2026-09-13T19:03:05Z,18,8,110,0,1789326002
2026-09-13T19:08:05Z,18,8,110,0,1789326302
2026-09-13T19:13:05Z,17,8,110,0,1789326602
2026-09-13T19:18:05Z,17,9,169,0,1789326903
2026-09-13T19:23:05Z,16,10,110,0,1789327202
2026-09-13T19:28:05Z,16,9,110,0,1789327502
2026-09-13T19:33:05Z,16,8,110,0,1789327801
2026-09-13T19:38:05Z,17,8,110,0,1789328102
2026-09-13T19:43:05Z,17,8,110,0,1789328402
2026-09-13T19:48:05Z,18,8,110,0,1789328702
2026-09-13T19:53:05Z,16,9,110,0,1789329002
2026-09-13T19:58:05Z,16,9,110,0,1789329301
2026-09-13T20:03:05Z,15,8,110,0,1789329601
2026-09-13T20:08:05Z,15,8,110,0,1789329901
2026-09-13T20:13:05Z,14,8,110,0,1789330202
2026-09-13T20:18:05Z,14,8,110,0,1789330502
2026-09-13T20:23:05Z,14,7,97,0,1789330802
2026-09-13T20:28:05Z,14,7,97,0,1789331101
2026-09-13T20:33:05Z,14,7,97,0,1789331401
2026-09-13T20:38:05Z,14,7,97,0,1789331701
2026-09-13T20:43:05Z,13,8,97,0,1789332001
2026-09-13T20:48:05Z,12,7,97,0,1789332302
2026-09-13T20:53:05Z,10,8,97,0,1789332602
2026-09-13T20:58:05Z,10,8,97,0,1789332902
2026-09-13T21:03:05Z,10,6,97,0,1789333202
2026-09-13T21:08:05Z,10,6,97,0,1789333502
2026-09-13T21:13:06Z,10,6,17,0,1789333802
2026-09-13T21:23:05Z,10,6,17,0,1789334402
2026-09-13T21:28:05Z,10,6,17,0,1789334702
2026-09-13T21:33:05Z,10,6,17,0,1789335002
2026-09-13T21:38:05Z,11,6,17,0,1789335302
2026-09-13T21:43:05Z,11,5,17,0,1789335601
2026-09-13T21:48:05Z,11,5,17,0,1789335901
2026-09-13T21:53:05Z,11,5,17,0,1789336202
2026-09-13T21:58:05Z,11,5,17,0,1789336502
2026-09-13T22:03:05Z,11,5,17,0,1789336802
2026-09-13T22:08:05Z,11,5,17,0,1789337101
2026-09-13T22:13:05Z,10,6,17,0,1789337422
2026-09-13T22:18:04Z,10,7,39,0,1789337702
2026-09-13T22:23:04Z,10,6,39,0,1789338002
2026-09-13T22:28:04Z,10,6,39,0,1789338302
2026-09-13T22:33:04Z,10,6,17,0,1789338602
2026-09-13T22:38:04Z,10,6,17,0,1789338902
2026-09-13T22:43:04Z,10,6,17,0,1789339201
2026-09-13T22:48:04Z,10,5,17,0,1789339502
2026-09-13T22:53:04Z,10,5,17,0,1789339802
2026-09-13T22:58:04Z,10,6,1568,0,1789340102
2026-09-13T23:03:04Z,10,6,17,0,1789340403
2026-09-13T23:08:04Z,10,7,2592,0,1789340702
2026-09-13T23:13:04Z,12,7,2592,0,1789341002
2026-09-13T23:18:04Z,12,9,4696,0,1789341302
2026-09-13T23:23:04Z,13,9,4696,0,1789341602
2026-09-13T23:28:04Z,13,9,2509,0,1789341902
2026-09-13T23:33:04Z,13,9,2509,0,1789342202
2026-09-13T23:38:04Z,13,9,2509,0,1789342503
2026-09-13T23:43:04Z,13,9,2577,0,1789342802
2026-09-13T23:48:04Z,13,9,2577,0,1789343102
2026-09-13T23:53:04Z,13,9,2509,0,1789343402
2026-09-13T23:58:04Z,13,8,2509,0,1789343702
2026-09-14T00:03:04Z,13,8,2509,0,1789344002
2026-09-14T00:08:04Z,13,8,2509,0,1789344302
2026-09-14T00:13:04Z,13,8,2208,0,1789344602
2026-09-14T00:18:04Z,13,8,2121,0,1789344901
2026-09-14T00:23:04Z,13,8,2121,0,1789345202
2026-09-14T00:28:04Z,13,8,2121,0,1789345502
2026-09-14T00:33:04Z,13,8,1849,0,1789345802
2026-09-14T00:38:04Z,13,9,576,0,1789346102
2026-09-14T00:43:04Z,13,9,576,0,1789346402
2026-09-14T00:48:04Z,11,8,576,0,1789346702
2026-09-14T00:53:04Z,11,8,576,0,1789347002
2026-09-14T00:58:04Z,11,8,576,0,1789347302
2026-09-14T01:03:04Z,11,9,896,0,1789347602
2026-09-14T01:08:04Z,11,8,896,0,1789347903
2026-09-14T01:13:04Z,10,9,896,0,1789348202
2026-09-14T01:18:04Z,10,8,896,0,1789348501
2026-09-14T01:23:05Z,10,8,337,0,1789348801
2026-09-14T01:28:04Z,10,7,337,0,1789349102
2026-09-14T01:33:04Z,10,7,337,0,1789349402
2026-09-14T01:38:04Z,10,6,337,0,1789349702
2026-09-14T01:43:04Z,10,6,17,0,1789350002
2026-09-14T01:48:04Z,10,6,17,0,1789350303
2026-09-14T01:53:05Z,10,5,17,0,1789350602
2026-09-14T01:58:05Z,10,5,17,0,1789350902
2026-09-14T02:03:05Z,10,6,275,0,1789351203
2026-09-14T02:08:05Z,10,6,177,0,1789351503
2026-09-14T02:13:05Z,10,6,177,0,1789351802
2026-09-14T02:18:05Z,10,6,177,0,1789352102
2026-09-14T02:23:05Z,10,7,177,0,1789352402
2026-09-14T02:28:05Z,10,7,177,0,1789352702
2026-09-14T02:33:05Z,10,7,177,0,1789353002
2026-09-14T02:38:05Z,10,7,177,0,1789353301
2026-09-14T02:43:05Z,10,8,209,0,1789353602
2026-09-14T02:48:05Z,10,8,209,0,1789353902
2026-09-14T02:53:05Z,10,7,209,0,1789354202
2026-09-14T02:58:05Z,10,7,209,0,1789354502
2026-09-14T03:03:05Z,10,7,209,0,1789354803
2026-09-14T03:08:05Z,10,7,209,0,1789355102
2026-09-14T03:13:05Z,10,7,177,0,1789355402
2026-09-14T03:18:05Z,11,8,407,0,1789355702
2026-09-14T03:23:05Z,11,7,340,0,1789356001
2026-09-14T03:28:05Z,11,8,340,0,1789356301
2026-09-14T03:33:05Z,11,8,247,0,1789356601
2026-09-14T03:38:05Z,13,8,247,0,1789356902
2026-09-14T03:43:05Z,13,7,281,0,1789357202
2026-09-14T03:48:05Z,13,7,281,0,1789357502
2026-09-14T03:53:05Z,13,7,281,0,1789357802
2026-09-14T03:58:05Z,13,10,297,0,1789358102
2026-09-14T04:03:05Z,14,11,297,0,1789358403
2026-09-14T04:08:05Z,14,11,297,0,1789358702
2026-09-14T04:13:05Z,14,11,297,0,1789359002
2026-09-14T04:18:05Z,16,10,297,0,1789359302
2026-09-14T04:23:05Z,17,10,297,0,1789359601
2026-09-14T04:28:05Z,17,10,297,0,1789359901
2026-09-14T04:33:05Z,18,10,297,0,1789360201
2026-09-14T04:38:05Z,18,10,297,0,1789360502
2026-09-14T04:43:05Z,18,9,297,0,1789360802
2026-09-14T04:48:05Z,18,11,4988,0,1789361103
2026-09-14T04:53:05Z,20,12,407,0,1789361403
2026-09-14T05:29:28Z,29,14,324,0,1789363502
2026-09-14T05:33:05Z,32,15,324,0,1789363802
2026-09-14T05:38:05Z,31,15,448,0,1789364102
2026-09-14T05:43:05Z,36,15,249,0,1789364402
2026-09-14T05:48:05Z,40,14,249,0,1789364702
2026-09-14T05:53:05Z,40,16,240,0,1789365002
2026-09-14T05:58:05Z,40,16,282,28,1789365302
2026-09-14T06:03:05Z,41,20,433,31,1789365602
2026-09-14T06:08:05Z,40,19,402,31,1789365902
2026-09-14T06:13:05Z,43,19,359,31,1789366203
2026-09-14T06:18:05Z,43,21,361,31,1789366502
2026-09-14T06:23:05Z,45,19,361,31,1789366803
2026-09-14T06:28:05Z,47,19,291,31,1789367102
2026-09-14T06:33:05Z,49,20,315,31,1789367402
2026-09-14T06:38:05Z,49,19,260,31,1789367702
2026-09-14T06:43:05Z,51,20,211,31,1789368003
2026-09-14T06:48:05Z,48,22,343,31,1789368303
2026-09-14T06:53:05Z,46,26,405,31,1789368602
2026-09-14T06:58:05Z,49,25,387,31,1789368902
2026-09-14T07:03:05Z,54,20,346,31,1789369203
2026-09-14T07:08:05Z,57,20,337,31,1789369502
2026-09-14T07:13:05Z,58,22,387,31,1789369802
2026-09-14T07:18:05Z,62,54,857,31,1789370102
2026-09-14T07:23:05Z,66,55,857,31,1789370403
2026-09-14T07:28:05Z,68,54,1101,31,1789370702
2026-09-14T07:33:05Z,73,54,1121,31,1789371002
2026-09-14T07:38:05Z,67,46,1554,31,1789371302
2026-09-14T07:43:05Z,68,45,2328,31,1789371603
2026-09-14T07:48:05Z,70,31,4014,31,1789371903
2026-09-14T07:53:05Z,72,27,2784,31,1789372203
2026-09-14T07:58:05Z,74,30,2940,31,1789372503
2026-09-14T08:03:05Z,78,28,3052,31,1789372803
2026-09-14T08:08:05Z,83,29,2773,31,1789373102
2026-09-14T08:13:05Z,84,31,2784,31,1789373403
2026-09-14T08:18:05Z,86,31,2354,31,1789373703
2026-09-14T08:23:05Z,88,28,2235,31,1789374003
2026-09-14T08:28:05Z,87,31,2181,31,1789374303
2026-09-14T08:33:05Z,86,30,1890,31,1789374603
2026-09-14T08:38:05Z,87,31,2165,31,1789374903
2026-09-14T08:43:05Z,86,29,2165,31,1789375202
2026-09-14T08:48:05Z,86,31,2164,31,1789375502
2026-09-14T08:53:05Z,87,28,1358,31,1789375803
2026-09-14T08:58:05Z,89,24,1167,31,1789376103
2026-09-14T09:03:05Z,89,23,1146,31,1789376402
2026-09-14T09:08:05Z,90,23,371,31,1789376702
2026-09-14T09:13:05Z,89,26,382,31,1789377003
2026-09-14T09:18:05Z,92,27,495,31,1789377302
2026-09-14T09:23:05Z,95,25,415,31,1789377602
2026-09-14T09:28:05Z,95,27,431,31,1789377903
2026-09-14T09:33:05Z,95,26,429,31,1789378202
2026-09-14T09:38:05Z,93,28,584,31,1789378503
2026-09-14T09:43:05Z,97,27,562,31,1789378802
2026-09-14T09:48:05Z,96,26,508,31,1789379102
2026-09-14T09:53:05Z,100,25,509,31,1789379402
2026-09-14T09:58:05Z,99,25,503,31,1789379703
2026-09-14T10:03:05Z,100,25,503,31,1789380002
2026-09-14T10:08:05Z,101,23,391,31,1789380302
2026-09-14T10:13:05Z,102,25,391,31,1789380603
2026-09-14T10:18:05Z,102,22,391,31,1789380902
2026-09-14T10:23:05Z,99,25,454,31,1789381202
2026-09-14T10:28:05Z,99,26,494,31,1789381502
2026-09-14T10:33:05Z,99,26,1176,31,1789381803
2026-09-14T10:38:04Z,101,35,1597,31,1789382102
2026-09-14T10:43:04Z,103,26,1592,31,1789382402
2026-09-14T10:48:04Z,105,28,2261,31,1789382702
2026-09-14T10:53:04Z,107,27,2268,31,1789383002
2026-09-14T10:58:04Z,110,27,2272,31,1789383302
2026-09-14T11:03:04Z,112,27,2272,31,1789383603
2026-09-14T11:08:04Z,114,29,2275,31,1789383902
2026-09-14T11:13:04Z,109,30,2235,31,1789384202
2026-09-14T11:18:04Z,107,32,2366,31,1789384502
2026-09-14T11:23:04Z,101,34,2385,31,1789384803
2026-09-14T11:28:04Z,99,33,2076,3,1789385102
2026-09-14T11:33:04Z,99,30,1699,3,1789385403
2026-09-14T11:38:04Z,98,31,1638,3,1789385702
2026-09-14T11:43:04Z,100,29,1480,3,1789386002
2026-09-14T11:48:04Z,99,27,1475,3,1789386302
2026-09-14T11:53:04Z,98,29,1476,3,1789386602
2026-09-14T11:58:04Z,96,32,669,3,1789386902
2026-09-14T12:03:04Z,93,33,498,3,1789387203
2026-09-14T12:08:04Z,95,32,544,0,1789387502
2026-09-14T12:13:04Z,96,31,630,0,1789387802
2026-09-14T12:18:04Z,97,34,630,0,1789388102
2026-09-14T12:23:04Z,95,34,583,0,1789388402
2026-09-14T12:28:04Z,94,34,730,0,1789388703
2026-09-14T12:33:04Z,93,35,991,0,1789389002
2026-09-14T12:38:04Z,91,37,1256,0,1789389302
2026-09-14T12:43:04Z,90,35,1145,0,1789389602
2026-09-14T12:48:04Z,88,35,1145,0,1789389903
2026-09-14T12:53:04Z,82,38,1235,0,1789390202
2026-09-14T12:58:04Z,86,38,1235,0,1789390502
2026-09-14T13:03:04Z,85,30,1743,0,1789390803
2026-09-14T13:08:04Z,84,32,1743,0,1789391102
2026-09-14T13:13:04Z,85,32,1735,0,1789391402
2026-09-14T13:18:04Z,83,35,1729,0,1789391703
2026-09-14T13:23:04Z,81,37,1687,0,1789392002
2026-09-14T15:00:23Z,70,25,1233,0,1789398003
2026-09-14T15:06:04Z,70,24,1232,0,1789398302
2026-09-14T15:13:05Z,70,25,1057,0,1789398602
2026-09-14T15:18:05Z,68,24,1059,0,1789398902
2026-09-14T15:23:05Z,64,25,1058,0,1789399202
2026-09-14T15:28:05Z,61,26,1057,0,1789399502
2026-09-14T15:33:05Z,63,25,1040,0,1789399802
2026-09-14T15:38:05Z,60,22,1076,0,1789400102
2026-09-14T15:43:05Z,61,22,1106,0,1789400402
2026-09-14T15:48:05Z,61,21,1101,0,1789400702
2026-09-14T15:53:05Z,58,22,1532,0,1789401002
2026-09-14T15:58:05Z,58,20,1267,0,1789401303
2026-09-14T16:03:05Z,58,22,1224,0,1789401602
2026-09-14T16:08:05Z,57,24,1336,0,1789401902
2026-09-14T16:13:05Z,53,26,1301,0,1789402202
2026-09-14T16:18:05Z,52,26,1301,0,1789402503
2026-09-14T16:23:05Z,51,24,1414,0,1789402802
2026-09-14T16:28:05Z,51,22,1301,0,1789403103
2026-09-14T16:33:05Z,51,19,1162,0,1789403403
2026-09-14T16:38:05Z,50,21,1162,0,1789403702
2026-09-14T16:43:05Z,47,21,1162,0,1789404003
2026-09-14T16:48:05Z,46,23,1162,0,1789404303
2026-09-14T16:53:05Z,47,20,1163,0,1789404602
2026-09-14T16:58:05Z,44,18,934,0,1789404902
2026-09-14T17:03:05Z,45,18,942,0,1789405203
2026-09-14T17:08:05Z,43,19,942,0,1789405502
2026-09-14T17:13:06Z,44,16,975,0,1789405802
2026-09-14T17:18:05Z,46,14,942,0,1789406102
2026-09-14T17:23:06Z,43,16,942,0,1789406402
2026-09-14T17:28:05Z,44,17,942,0,1789406702
2026-09-14T17:33:05Z,42,17,942,0,1789407002
2026-09-14T17:38:05Z,39,17,942,0,1789407302
2026-09-14T17:43:05Z,41,15,942,0,1789407602
2026-09-14T17:48:05Z,40,16,934,0,1789407902
2026-09-14T17:53:05Z,38,15,937,0,1789408202
2026-09-14T17:58:05Z,34,19,934,0,1789408502
2026-09-14T18:03:05Z,33,19,901,0,1789408803
2026-09-14T18:08:05Z,31,18,901,0,1789409102
2026-09-14T18:13:05Z,29,16,901,0,1789409403
2026-09-14T18:18:05Z,28,16,901,0,1789409702
2026-09-14T18:23:05Z,28,12,901,0,1789410002
2026-09-14T18:28:05Z,30,11,901,0,1789410302
2026-09-14T18:33:05Z,28,13,902,0,1789410602
2026-09-14T18:38:05Z,26,15,901,0,1789410902
2026-09-14T18:43:05Z,26,14,901,0,1789411202
2026-09-14T18:48:05Z,26,14,901,0,1789411503
2026-09-14T18:53:05Z,25,12,901,0,1789411802
2026-09-14T18:58:05Z,26,12,901,0,1789412102
2026-09-14T19:03:05Z,26,11,901,0,1789412403
2026-09-14T19:08:05Z,26,11,901,0,1789412704
2026-09-14T19:13:05Z,23,14,918,0,1789413002
2026-09-14T19:18:05Z,22,17,939,0,1789413302
2026-09-14T19:23:05Z,22,16,939,0,1789413602
2026-09-14T19:28:16Z,21,15,939,0,1789413902
2026-09-14T19:38:05Z,22,14,938,0,1789414502
2026-09-14T19:43:05Z,22,14,938,0,1789414802
2026-09-14T19:48:05Z,21,14,922,0,1789415102
2026-09-14T19:53:05Z,21,14,921,0,1789415402
2026-09-14T19:58:06Z,18,16,922,0,1789415702
2026-09-14T20:03:05Z,17,16,922,0,1789416002
2026-09-14T20:08:05Z,18,15,922,0,1789416303
2026-09-14T20:13:05Z,18,13,922,0,1789416602
2026-09-14T20:18:05Z,18,13,922,0,1789416902
2026-09-14T20:23:05Z,19,13,923,0,1789417202
2026-09-14T20:28:05Z,18,14,923,0,1789417502
2026-09-14T20:33:05Z,18,14,923,0,1789417802
2026-09-14T20:38:04Z,19,14,923,0,1789418102
2026-09-14T20:43:04Z,19,13,923,0,1789418402
2026-09-14T20:48:04Z,19,13,923,0,1789418702
2026-09-14T20:53:04Z,19,13,903,0,1789419002
2026-09-14T20:58:04Z,19,13,903,0,1789419302
2026-09-14T21:03:05Z,19,13,903,0,1789419603
2026-09-14T21:08:04Z,20,12,903,0,1789419902
2026-09-14T21:13:04Z,19,13,903,0,1789420202
2026-09-14T21:18:04Z,19,13,903,0,1789420502
2026-09-14T21:23:04Z,18,14,903,0,1789420802
2026-09-14T21:28:04Z,17,14,903,0,1789421102
2026-09-14T21:33:04Z,17,14,903,0,1789421403
2026-09-14T21:38:04Z,17,13,903,0,1789421702
2026-09-14T21:43:05Z,17,12,903,0,1789422002
2026-09-14T21:48:05Z,18,12,903,0,1789422302
2026-09-14T21:58:05Z,18,13,903,0,1789422901
2026-09-14T22:03:05Z,18,13,903,0,1789423202
2026-09-14T22:08:05Z,18,12,903,0,1789423503
2026-09-14T22:18:04Z,18,12,903,0,1789424102
2026-09-14T22:23:04Z,18,12,902,0,1789424402
2026-09-14T22:28:05Z,18,12,902,0,1789424702
2026-09-14T22:33:05Z,18,12,902,0,1789425003
2026-09-14T22:43:04Z,18,13,902,0,1789425602
2026-09-14T22:48:04Z,18,13,902,0,1789425902
2026-09-14T22:53:04Z,18,13,902,0,1789426202
2026-09-14T22:58:04Z,18,13,902,0,1789426502
2026-09-14T23:03:04Z,18,12,902,0,1789426802
2026-09-14T23:08:05Z,18,12,902,0,1789427103
2026-09-14T23:18:04Z,18,12,902,0,1789427702
2026-09-14T23:23:04Z,18,12,902,0,1789428002
2026-09-14T23:28:04Z,17,13,902,0,1789428302
2026-09-14T23:33:04Z,17,13,902,0,1789428602
2026-09-14T23:38:04Z,17,13,902,0,1789428902
2026-09-14T23:43:04Z,17,12,902,0,1789429202
2026-09-14T23:48:04Z,17,12,902,0,1789429501
2026-09-14T23:53:04Z,17,12,902,0,1789429802
2026-09-14T23:58:04Z,17,12,902,0,1789430102
2026-09-15T00:03:04Z,17,12,902,0,1789430404
2026-09-15T00:08:05Z,17,12,902,0,1789430702
2026-09-15T00:18:05Z,17,12,902,0,1789431302
2026-09-15T00:23:05Z,17,12,902,0,1789431602
2026-09-15T00:28:05Z,17,12,902,0,1789431902
2026-09-15T00:33:05Z,17,12,902,0,1789432202
2026-09-15T00:38:05Z,17,12,902,0,1789432502
2026-09-15T00:43:05Z,17,12,902,0,1789432802
2026-09-15T00:48:05Z,17,12,902,0,1789433102
2026-09-15T00:53:05Z,17,12,902,0,1789433403
2026-09-15T00:58:05Z,17,12,902,0,1789433702
2026-09-15T01:03:05Z,17,12,902,0,1789434002
2026-09-15T01:08:05Z,17,12,902,0,1789434303
2026-09-15T01:13:05Z,17,12,902,0,1789434602
2026-09-15T01:18:05Z,16,13,904,0,1789434903
2026-09-15T01:23:05Z,16,13,902,0,1789435202
2026-09-15T01:28:05Z,16,13,902,0,1789435502
2026-09-15T01:33:05Z,16,13,902,0,1789435802
2026-09-15T01:38:05Z,17,12,902,0,1789436102
2026-09-15T01:43:05Z,17,12,902,0,1789436401
2026-09-15T01:48:05Z,17,12,902,0,1789436702
2026-09-15T01:53:05Z,17,12,902,0,1789437002
2026-09-15T01:58:05Z,17,12,902,0,1789437302
2026-09-15T02:03:05Z,17,12,902,0,1789437602
2026-09-15T02:08:05Z,17,12,902,0,1789437901
2026-09-15T02:13:05Z,17,13,3583,0,1789438202
2026-09-15T02:18:05Z,17,13,3583,0,1789438502
2026-09-15T02:23:05Z,16,14,3583,0,1789438802
2026-09-15T02:28:05Z,15,15,902,0,1789439103
2026-09-15T02:33:05Z,15,15,902,0,1789439402
2026-09-15T02:38:05Z,14,13,902,0,1789439702
2026-09-15T02:43:05Z,14,13,902,0,1789440002
2026-09-15T02:48:05Z,14,13,902,0,1789440302
2026-09-15T02:53:05Z,14,13,902,0,1789440602
2026-09-15T02:58:05Z,14,12,902,0,1789440902
2026-09-15T03:03:05Z,13,13,902,0,1789441203
2026-09-15T03:08:05Z,14,14,902,0,1789441503
2026-09-15T03:13:05Z,14,13,902,0,1789441802
2026-09-15T03:18:05Z,14,12,902,0,1789442102
2026-09-15T03:23:05Z,14,12,901,0,1789442402
2026-09-15T03:28:05Z,14,12,901,0,1789442702
2026-09-15T03:33:05Z,13,14,901,0,1789443002
2026-09-15T03:38:05Z,13,14,901,0,1789443302
2026-09-15T03:43:05Z,12,12,901,0,1789443603
2026-09-15T03:48:05Z,12,12,901,0,1789443902
2026-09-15T03:53:05Z,13,11,901,0,1789444203
2026-09-15T03:58:05Z,14,11,901,0,1789444502
2026-09-15T04:03:05Z,14,11,901,0,1789444802
2026-09-15T04:08:05Z,15,11,901,0,1789445101
2026-09-15T04:13:05Z,13,12,907,0,1789445402
2026-09-15T04:18:05Z,14,12,907,0,1789445702
2026-09-15T04:23:05Z,15,11,907,0,1789446002
2026-09-15T04:28:05Z,16,11,907,0,1789446302
2026-09-15T04:33:05Z,17,11,907,0,1789446602
2026-09-15T04:38:05Z,18,11,907,0,1789446902
2026-09-15T14:08:48Z,50,20,1508,0,1789481102
2026-09-15T14:13:05Z,52,22,1532,0,1789481403
2026-09-15T14:18:05Z,51,21,1541,0,1789481703
2026-09-15T14:23:05Z,51,21,1542,0,1789482003
2026-09-15T14:28:05Z,49,22,1541,0,1789482302
2026-09-15T14:33:05Z,49,21,1541,0,1789482602
2026-09-15T14:38:05Z,50,17,1525,0,1789482902
2026-09-15T14:43:05Z,51,22,1655,0,1789483202
2026-09-15T14:48:05Z,50,23,1655,0,1789483503
2026-09-15T14:53:05Z,46,23,1669,0,1789483802
2026-09-15T14:58:05Z,46,22,1669,0,1789484102
2026-09-15T15:03:06Z,45,22,1659,0,1789484402
2026-09-15T15:08:05Z,43,23,1635,0,1789484701
2026-09-15T15:13:05Z,43,25,1639,0,1789485002
2026-09-15T15:18:05Z,43,23,1076,0,1789485303
2026-09-15T15:23:05Z,43,21,909,0,1789485602
2026-09-15T15:28:05Z,42,22,910,0,1789485902
2026-09-15T15:33:05Z,42,24,901,0,1789486202
2026-09-15T15:38:05Z,41,23,900,0,1789486502
2026-09-15T15:43:05Z,41,20,900,0,1789486802
2026-09-15T15:48:05Z,37,19,904,0,1789487102
2026-09-15T15:53:05Z,35,22,903,0,1789487401
2026-09-15T15:58:05Z,30,23,898,0,1789487702
2026-09-15T16:03:05Z,29,23,894,0,1789488002
2026-09-15T16:08:05Z,29,19,894,0,1789488302
2026-09-15T16:13:05Z,28,19,894,0,1789488602
2026-09-15T16:18:05Z,29,20,894,0,1789488902
2026-09-15T16:23:05Z,30,21,894,0,1789489202
2026-09-15T16:28:05Z,28,20,894,0,1789489502
2026-09-15T16:33:05Z,30,20,881,0,1789489803
2026-09-15T16:38:05Z,30,16,881,0,1789490102
2026-09-15T16:43:05Z,30,15,881,0,1789490402
2026-09-15T16:48:05Z,31,15,881,0,1789490701
2026-09-15T16:53:05Z,32,17,889,0,1789491002
2026-09-15T16:58:05Z,31,18,799,0,1789491302
2026-09-15T17:03:05Z,32,17,799,0,1789491603
2026-09-15T17:08:05Z,33,16,799,0,1789491902
2026-09-15T17:13:05Z,34,14,799,0,1789492202
2026-09-15T17:18:05Z,34,15,801,0,1789492503
2026-09-15T17:23:05Z,30,18,801,0,1789492803
2026-09-15T17:28:05Z,31,18,799,0,1789493102
2026-09-15T17:33:05Z,30,17,799,0,1789493403
2026-09-15T17:38:05Z,27,15,799,0,1789493702
2026-09-15T17:43:05Z,27,16,906,0,1789494002
2026-09-15T17:48:05Z,27,15,835,0,1789494302
2026-09-15T17:53:06Z,25,17,835,0,1789494602
2026-09-15T17:58:05Z,24,19,836,0,1789494902
2026-09-15T18:03:05Z,26,20,836,0,1789495203
2026-09-15T18:08:05Z,24,19,850,0,1789495502
2026-09-15T18:13:05Z,25,19,850,0,1789495802
2026-09-15T18:18:05Z,25,17,850,0,1789496103
2026-09-15T18:23:05Z,23,19,850,0,1789496402
2026-09-15T18:28:05Z,22,18,850,0,1789496702
2026-09-15T18:33:05Z,23,19,851,0,1789497002
2026-09-15T18:38:05Z,23,17,844,0,1789497303
2026-09-15T18:43:05Z,22,18,828,0,1789497602
2026-09-15T18:48:05Z,21,18,828,0,1789497902
2026-09-15T18:53:05Z,19,17,848,0,1789498202
2026-09-15T18:58:05Z,17,18,812,0,1789498504
2026-09-15T19:03:06Z,17,18,812,0,1789498804
2026-09-15T19:08:05Z,14,20,800,0,1789499102
2026-09-15T19:13:05Z,12,19,801,0,1789499402
2026-09-15T19:18:05Z,12,25,1200,0,1789499702
2026-09-15T19:23:05Z,13,24,1404,0,1789500001
2026-09-15T19:28:05Z,13,24,1384,0,1789500302
2026-09-15T19:33:04Z,12,21,1381,0,1789500602
2026-09-15T19:38:04Z,12,21,1381,0,1789500903
2026-09-15T19:43:04Z,11,20,1318,0,1789501202
2026-09-15T19:48:04Z,10,20,1217,0,1789501502
2026-09-15T19:53:04Z,10,19,1186,0,1789501802
2026-09-15T19:58:04Z,10,16,1082,0,1789502102
2026-09-15T20:03:04Z,10,15,1088,0,1789502403
2026-09-15T20:08:04Z,9,16,1088,0,1789502702
2026-09-15T20:13:04Z,8,17,1073,0,1789503002
2026-09-15T20:18:04Z,8,17,1073,0,1789503302
2026-09-15T20:23:04Z,9,15,1073,0,1789503602
2026-09-15T20:28:04Z,9,13,1073,0,1789503902
2026-09-15T20:33:04Z,9,13,1073,0,1789504202
2026-09-15T20:38:04Z,8,13,1073,0,1789504502
2026-09-15T20:43:04Z,9,13,1073,0,1789504801
2026-09-15T20:48:04Z,9,13,1073,0,1789505101
2026-09-15T20:53:04Z,9,13,1073,0,1789505401
2026-09-15T20:58:04Z,9,13,1072,0,1789505701
2026-09-15T21:03:05Z,9,13,1072,0,1789506003
2026-09-15T21:08:05Z,10,13,1072,0,1789506302
2026-09-15T21:13:05Z,8,13,1072,0,1789506603
2026-09-15T21:23:04Z,8,13,1072,0,1789507202
2026-09-15T21:28:05Z,8,12,1072,0,1789507501
2026-09-15T21:33:05Z,8,12,1072,0,1789507801
2026-09-15T21:43:04Z,8,12,1072,0,1789508402
2026-09-15T21:48:04Z,8,12,1072,0,1789508703
2026-09-15T21:53:04Z,7,12,1072,0,1789509002
2026-09-15T21:58:04Z,7,12,1072,0,1789509302
2026-09-15T22:03:05Z,7,12,1072,0,1789509603
2026-09-15T22:08:05Z,7,12,1072,0,1789509902
2026-09-15T22:13:05Z,7,12,1072,0,1789510219
2026-09-15T22:18:05Z,7,12,1072,0,1789510502
2026-09-15T22:23:05Z,7,12,1072,0,1789510802
2026-09-15T22:33:05Z,7,12,1072,0,1789511402
2026-09-15T22:43:04Z,7,12,1072,0,1789512003
2026-09-15T22:48:05Z,7,12,1072,0,1789512302
2026-09-15T22:58:05Z,7,12,1072,0,1789512902
2026-09-15T23:03:05Z,7,12,1072,0,1789513202
2026-09-15T23:08:05Z,7,12,1072,0,1789513502
2026-09-15T23:13:05Z,7,12,1072,0,1789513802
2026-09-15T23:18:05Z,7,12,1072,0,1789514101
2026-09-15T23:28:05Z,7,12,1072,0,1789514701
2026-09-15T23:33:05Z,7,12,1072,0,1789515001
2026-09-15T23:38:05Z,7,12,1072,0,1789515301
2026-09-15T23:43:05Z,7,12,1072,0,1789515601
2026-09-15T23:48:05Z,7,12,1072,0,1789515902
2026-09-15T23:53:05Z,7,12,1072,0,1789516202
2026-09-15T23:58:05Z,7,13,1336,0,1789516502
2026-09-16T00:03:05Z,7,13,1336,0,1789516802
2026-09-16T00:08:05Z,7,13,1336,0,1789517102
2026-09-16T00:13:05Z,7,13,1336,0,1789517403
2026-09-16T00:18:05Z,7,13,1336,0,1789517702
2026-09-16T00:23:05Z,7,13,1336,0,1789518002
2026-09-16T00:28:05Z,7,13,1336,0,1789518302
2026-09-16T00:33:05Z,7,13,1336,0,1789518602
2026-09-16T00:38:05Z,7,13,1336,0,1789518902
2026-09-16T00:43:05Z,7,13,1336,0,1789519203
2026-09-16T00:48:05Z,7,13,1336,0,1789519502
2026-09-16T00:53:05Z,7,13,1336,0,1789519802
2026-09-16T00:58:05Z,7,13,1336,0,1789520102
2026-09-16T01:03:05Z,7,13,1336,0,1789520402
2026-09-16T01:08:05Z,7,13,1336,0,1789520703
2026-09-16T01:13:05Z,7,13,1336,0,1789521002
2026-09-16T01:18:05Z,7,13,1336,0,1789521302
2026-09-16T01:23:05Z,7,13,1336,0,1789521602
2026-09-16T01:28:05Z,7,13,1336,0,1789521903
2026-09-16T01:33:05Z,7,13,1331,0,1789522202
2026-09-16T01:38:05Z,7,13,1331,0,1789522502
2026-09-16T01:43:05Z,7,12,1331,0,1789522802
2026-09-16T01:48:05Z,7,12,1331,0,1789523102
2026-09-16T01:53:05Z,7,12,1331,0,1789523402
2026-09-16T01:58:05Z,7,12,1331,0,1789523702
2026-09-16T02:03:05Z,7,12,1331,0,1789524002
2026-09-16T02:08:05Z,7,12,1331,0,1789524302
2026-09-16T02:13:05Z,7,12,1331,0,1789524602
2026-09-16T02:18:05Z,7,12,1331,0,1789524902
2026-09-16T02:23:05Z,7,12,1331,0,1789525202
2026-09-16T02:28:05Z,7,12,1331,0,1789525501
2026-09-16T02:33:05Z,7,12,1331,0,1789525801
2026-09-16T02:38:05Z,7,12,1331,0,1789526101
2026-09-16T02:43:05Z,7,12,1331,0,1789526402
2026-09-16T02:48:05Z,7,12,1331,0,1789526702
2026-09-16T02:53:05Z,7,12,1331,0,1789527002
2026-09-16T02:58:05Z,7,12,1331,0,1789527302
2026-09-16T03:03:05Z,7,12,1331,0,1789527603
2026-09-16T03:08:05Z,7,12,1331,0,1789527902
2026-09-16T03:13:05Z,7,12,1331,0,1789528202
2026-09-16T03:18:05Z,7,12,1331,0,1789528502
2026-09-16T03:23:05Z,7,12,1067,0,1789528801
2026-09-16T03:28:05Z,7,12,1067,0,1789529101
2026-09-16T03:33:05Z,7,12,1067,0,1789529401
2026-09-16T03:38:06Z,7,11,1067,0,1789529702
2026-09-16T03:48:06Z,7,11,1067,0,1789530302
2026-09-16T03:58:06Z,7,11,1067,0,1789530902
2026-09-16T04:08:05Z,7,11,1067,0,1789531502
2026-09-16T04:13:05Z,7,11,1067,0,1789531802
2026-09-16T04:18:05Z,7,11,1067,0,1789532102
2026-09-16T04:23:05Z,7,11,1067,0,1789532402
2026-09-16T04:28:05Z,11,10,1054,0,1789532702
2026-09-16T04:33:05Z,12,11,1054,0,1789533002
2026-09-16T04:38:05Z,13,12,1054,0,1789533302
2026-09-16T04:43:05Z,12,18,1059,0,1789533602
2026-09-16T04:48:05Z,11,17,1059,0,1789533902
2026-09-16T04:53:05Z,11,17,1055,0,1789534202
2026-09-16T14:35:56Z,35,27,598,0,1789569302
2026-09-16T14:38:05Z,35,23,598,0,1789569302
2026-09-16T14:43:05Z,31,23,593,0,1789569601
2026-09-16T14:48:05Z,31,22,593,0,1789569902
2026-09-16T14:53:05Z,28,19,512,0,1789570202
2026-09-16T14:58:05Z,26,20,512,0,1789570502
2026-09-16T15:03:05Z,27,18,512,0,1789570802
2026-09-16T15:08:05Z,27,17,523,0,1789571102
2026-09-16T15:13:05Z,26,16,476,0,1789571402
2026-09-16T15:18:05Z,25,19,453,0,1789571701
2026-09-16T15:23:05Z,27,20,523,0,1789572002
2026-09-16T15:28:05Z,29,19,521,0,1789572302
2026-09-16T15:33:05Z,29,19,504,0,1789572602
2026-09-16T15:38:05Z,31,17,480,0,1789572902
2026-09-16T15:43:05Z,28,17,446,0,1789573202
2026-09-16T15:48:05Z,26,15,446,0,1789573502
2026-09-16T15:53:05Z,22,14,438,0,1789573802
2026-09-16T15:58:05Z,21,15,396,0,1789574102
2026-09-16T16:03:05Z,21,14,396,0,1789574402
2026-09-16T16:08:05Z,19,13,396,0,1789574702
2026-09-16T16:13:05Z,17,16,398,0,1789575002
2026-09-16T16:18:05Z,18,15,398,0,1789575302
2026-09-16T16:23:06Z,19,15,608,0,1789575602
2026-09-16T16:28:05Z,19,14,612,0,1789575902
2026-09-16T16:33:05Z,19,14,612,0,1789576202
2026-09-16T16:38:05Z,19,13,603,0,1789576502
2026-09-16T16:43:05Z,21,12,603,0,1789576802
2026-09-16T16:48:05Z,21,12,430,0,1789577101
2026-09-16T16:53:05Z,18,13,430,0,1789577402
2026-09-16T16:58:05Z,18,12,366,0,1789577702
2026-09-16T17:03:05Z,17,12,367,0,1789578002
2026-09-16T17:08:05Z,16,13,370,0,1789578302
2026-09-16T17:13:05Z,17,13,389,0,1789578602
2026-09-16T17:18:05Z,15,14,389,0,1789578902
2026-09-16T17:23:05Z,16,11,389,0,1789579202
2026-09-16T17:28:05Z,16,11,389,0,1789579502
2026-09-16T17:33:05Z,16,10,351,0,1789579802
2026-09-16T17:38:05Z,15,11,351,0,1789580102
2026-09-16T17:43:05Z,13,12,351,0,1789580402
2026-09-16T17:48:05Z,15,13,351,0,1789580702
2026-09-16T17:53:05Z,14,13,352,0,1789581002
2026-09-16T17:58:05Z,12,13,352,0,1789581302
2026-09-16T18:03:05Z,11,13,347,0,1789581602
2026-09-16T18:08:05Z,10,13,347,0,1789581902
2026-09-16T18:13:05Z,9,10,347,0,1789582201
2026-09-16T18:18:05Z,9,9,347,0,1789582501
2026-09-16T18:23:05Z,11,9,347,0,1789582801
2026-09-16T18:28:05Z,11,9,347,0,1789583101
2026-09-16T18:33:05Z,11,9,347,0,1789583401
2026-09-16T18:38:05Z,11,10,347,0,1789583702
2026-09-16T18:43:05Z,11,10,347,0,1789584002
2026-09-16T18:48:05Z,10,11,354,0,1789584302
2026-09-16T18:53:05Z,10,11,353,0,1789584602
2026-09-16T18:58:05Z,10,10,346,0,1789584903
2026-09-16T19:03:05Z,10,10,323,0,1789585203
2026-09-16T19:08:05Z,11,8,323,0,1789585502
2026-09-16T19:13:05Z,11,8,323,0,1789585801
2026-09-16T19:18:05Z,10,9,323,0,1789586101
2026-09-16T19:23:05Z,9,9,323,0,1789586402
2026-09-16T19:28:05Z,8,10,323,0,1789586702
2026-09-16T19:33:05Z,6,9,27,0,1789587002
2026-09-16T19:38:05Z,6,8,14,0,1789587302
2026-09-16T19:43:05Z,6,7,14,0,1789587602
2026-09-16T19:48:05Z,4,6,14,0,1789587902
2026-09-16T19:58:04Z,4,6,14,0,1789588501
2026-09-16T20:03:04Z,4,5,14,0,1789588801
2026-09-16T20:08:04Z,4,5,14,0,1789589102
2026-09-16T20:13:04Z,4,6,14,0,1789589402
2026-09-16T20:18:04Z,4,6,14,0,1789589702
2026-09-16T20:23:04Z,3,6,14,0,1789590002
2026-09-16T20:28:04Z,3,7,957,0,1789590302
2026-09-16T20:33:04Z,3,7,951,0,1789590602
2026-09-16T20:38:04Z,3,6,951,0,1789590902
2026-09-16T20:43:04Z,4,6,951,0,1789591202
2026-09-16T20:48:04Z,4,7,238,0,1789591502
2026-09-16T20:53:04Z,4,8,252,0,1789591802
2026-09-16T20:58:04Z,4,8,252,0,1789592102
2026-09-16T21:03:04Z,4,7,252,0,1789592402
2026-09-16T21:08:04Z,3,8,252,0,1789592701
2026-09-16T21:13:04Z,3,8,252,0,1789593001
2026-09-16T21:18:04Z,3,7,252,0,1789593301
2026-09-16T21:23:04Z,3,6,252,0,1789593602
2026-09-16T21:28:04Z,2,7,252,0,1789593902
2026-09-16T21:33:04Z,2,7,252,0,1789594202
2026-09-16T21:38:04Z,2,6,22,0,1789594502
2026-09-16T21:43:04Z,2,6,22,0,1789594802
2026-09-16T21:48:04Z,2,6,22,0,1789595102
2026-09-16T21:53:04Z,2,6,22,0,1789595401
2026-09-16T21:58:05Z,2,6,22,0,1789595701
2026-09-16T22:03:05Z,2,6,22,0,1789596002
2026-09-16T22:13:05Z,2,6,99,0,1789596619
2026-09-16T22:18:04Z,2,8,99,0,1789596902
2026-09-16T22:23:04Z,2,8,99,0,1789597203
2026-09-16T22:28:04Z,2,8,99,0,1789597502
2026-09-16T22:33:04Z,2,7,99,0,1789597802
2026-09-16T22:38:04Z,2,6,99,0,1789598102
2026-09-16T22:43:05Z,2,6,99,0,1789598402
2026-09-16T22:48:04Z,2,6,22,0,1789598702
2026-09-16T22:53:04Z,2,7,190,0,1789599002
2026-09-16T22:58:05Z,2,7,190,0,1789599301
2026-09-16T23:03:05Z,2,6,190,0,1789599602
2026-09-16T23:08:05Z,2,6,22,0,1789599902
2026-09-16T23:13:05Z,2,6,22,0,1789600202
2026-09-16T23:18:05Z,2,7,22,0,1789600502
2026-09-16T23:23:05Z,2,7,22,0,1789600802
2026-09-16T23:28:05Z,2,7,22,0,1789601102
2026-09-16T23:33:05Z,2,7,22,0,1789601402
2026-09-16T23:38:05Z,2,6,22,0,1789601702
2026-09-16T23:43:05Z,2,6,22,0,1789602002
2026-09-16T23:48:05Z,2,5,22,0,1789602302
2026-09-16T23:53:05Z,2,7,126,0,1789602602
2026-09-16T23:58:05Z,2,8,91,0,1789602903
2026-09-17T00:03:05Z,2,8,91,0,1789603202
2026-09-17T00:08:05Z,2,8,91,0,1789603502
2026-09-17T00:13:05Z,2,7,91,0,1789603802
2026-09-17T00:18:05Z,2,7,91,0,1789604102
2026-09-17T00:23:05Z,2,7,91,0,1789604402
2026-09-17T00:28:05Z,3,6,96,0,1789604702
2026-09-17T00:33:05Z,3,6,77,0,1789605002
2026-09-17T00:38:05Z,3,6,77,0,1789605302
2026-09-17T00:43:05Z,3,6,77,0,1789605602
2026-09-17T00:48:05Z,3,6,78,0,1789605902
2026-09-17T00:53:05Z,2,7,130,0,1789606202
2026-09-17T00:58:05Z,2,10,136,0,1789606502
2026-09-17T01:03:05Z,2,10,136,0,1789606802
2026-09-17T01:08:05Z,2,10,136,0,1789607102
2026-09-17T01:13:05Z,2,10,136,0,1789607402
2026-09-17T01:18:05Z,2,9,136,0,1789607702
2026-09-17T01:23:05Z,2,9,136,0,1789608001
2026-09-17T01:28:05Z,2,9,71,0,1789608302
2026-09-17T01:33:05Z,2,9,14,0,1789608602
2026-09-17T01:38:05Z,2,8,14,0,1789608901
2026-09-17T01:43:05Z,2,7,14,0,1789609201
2026-09-17T01:48:05Z,2,7,14,0,1789609502
2026-09-17T01:53:05Z,2,6,13,0,1789609802
2026-09-17T01:58:05Z,2,6,8,0,1789610102
2026-09-17T02:03:05Z,2,6,8,0,1789610402
2026-09-17T02:08:05Z,2,5,8,0,1789610701
2026-09-17T02:13:05Z,2,5,8,0,1789611001
2026-09-17T02:18:05Z,2,5,8,0,1789611302
2026-09-17T02:23:05Z,3,4,8,0,1789611602
2026-09-17T02:28:05Z,3,4,8,0,1789611902
2026-09-17T02:33:05Z,3,4,8,0,1789612202
2026-09-17T02:38:05Z,3,4,8,0,1789612502
2026-09-17T02:43:05Z,3,4,8,0,1789612802
2026-09-17T02:48:05Z,3,4,8,0,1789613102
2026-09-17T02:53:05Z,4,4,8,0,1789613402
2026-09-17T02:58:05Z,4,4,8,0,1789613702
2026-09-17T03:03:05Z,4,4,8,0,1789614003
2026-09-17T03:08:05Z,5,4,8,0,1789614302
2026-09-17T03:13:05Z,6,4,8,0,1789614602
2026-09-17T03:18:05Z,7,4,8,0,1789614902
2026-09-17T03:23:05Z,7,4,8,0,1789615202
2026-09-17T03:28:05Z,7,4,8,0,1789615502
2026-09-17T03:33:05Z,8,4,8,0,1789615802
2026-09-17T03:38:05Z,8,4,8,0,1789616102
2026-09-17T03:43:05Z,8,4,8,0,1789616402
2026-09-17T03:48:05Z,10,4,8,0,1789616702
2026-09-17T03:53:05Z,11,4,8,0,1789617002
2026-09-17T03:58:05Z,11,4,8,0,1789617302
2026-09-17T04:03:05Z,11,4,8,0,1789617603
2026-09-17T04:08:05Z,11,4,8,0,1789617902
2026-09-17T04:13:05Z,13,4,8,0,1789618202
2026-09-17T04:18:05Z,13,4,8,0,1789618502
2026-09-17T04:23:05Z,13,4,8,0,1789618802
2026-09-17T04:28:05Z,12,5,8,0,1789619102
2026-09-17T04:33:05Z,12,6,8,0,1789619402
2026-09-17T04:38:05Z,12,6,8,0,1789619702
2026-09-17T04:43:05Z,13,5,8,0,1789620003
2026-09-17T04:48:05Z,12,5,8,0,1789620301
2026-09-17T04:53:06Z,13,5,524,0,1789620602
2026-09-17T04:58:05Z,12,6,251,0,1789620902
2026-09-17T05:03:06Z,13,6,251,0,1789621203
2026-09-17T05:08:05Z,14,5,251,0,1789621502
                                              2026-09-17T05:33:06Z,20,10,443,175,1789623002
2026-09-17T05:38:05Z,21,12,638,175,1789623302
2026-09-17T05:43:05Z,25,11,443,175,1789623602
2026-09-17T05:48:05Z,28,10,443,175,1789623903
2026-09-17T05:53:05Z,28,11,554,175,1789624203
2026-09-17T05:58:05Z,25,12,566,175,1789624503
2026-09-17T06:03:05Z,28,14,1169,175,1789624803
2026-09-17T06:08:05Z,27,21,1482,175,1789625102
2026-09-17T06:13:05Z,30,22,1409,175,1789625402
2026-09-17T06:18:05Z,31,21,1409,175,1789625702
2026-09-17T06:23:05Z,31,23,1434,175,1789626003
2026-09-17T06:28:05Z,30,24,1520,175,1789626302
2026-09-17T06:33:05Z,34,24,1288,175,1789626602
2026-09-17T06:38:05Z,34,24,1318,175,1789626902
2026-09-17T06:43:05Z,28,24,1424,175,1789627202
2026-09-17T06:48:05Z,30,25,1427,175,1789627502
2026-09-17T06:53:05Z,30,25,1525,175,1789627803
2026-09-17T06:58:05Z,30,25,1525,175,1789628102
2026-09-17T07:03:05Z,33,27,973,175,1789628402
2026-09-17T07:08:05Z,34,30,1099,175,1789628702
2026-09-17T07:13:05Z,36,32,1030,175,1789629002
2026-09-17T07:18:05Z,36,31,1030,175,1789629302
2026-09-17T07:23:05Z,34,35,1031,175,1789629601
2026-09-17T07:28:05Z,37,35,1050,175,1789629902
2026-09-17T07:33:05Z,40,33,1067,175,1789630202
2026-09-17T07:38:05Z,42,31,991,175,1789630503
2026-09-17T07:43:05Z,44,32,957,175,1789630803
2026-09-17T07:48:05Z,43,33,1018,175,1789631102
2026-09-17T07:53:05Z,45,32,1008,175,1789631402
2026-09-17T07:58:05Z,45,33,992,175,1789631702
2026-09-17T08:03:05Z,45,32,974,175,1789632002
2026-09-17T08:08:05Z,44,33,981,175,1789632303
2026-09-17T08:13:05Z,49,33,959,175,1789632602
2026-09-17T08:18:05Z,51,34,1092,175,1789632902
2026-09-17T08:23:05Z,50,30,1038,175,1789633203
2026-09-17T08:28:05Z,49,34,1031,175,1789633502
2026-09-17T08:33:05Z,49,34,1041,175,1789633803
2026-09-17T08:38:05Z,48,34,1012,175,1789634102
2026-09-17T08:43:05Z,49,32,1012,175,1789634402
2026-09-17T08:48:05Z,49,32,957,175,1789634702
2026-09-17T08:53:05Z,48,29,1017,175,1789635002
2026-09-17T08:58:05Z,49,30,1017,175,1789635303
2026-09-17T09:03:05Z,49,30,1017,175,1789635602
2026-09-17T09:08:05Z,51,29,919,175,1789635902
2026-09-17T09:13:05Z,49,32,919,175,1789636203
2026-09-17T09:18:05Z,46,35,889,175,1789636502
2026-09-17T09:23:05Z,45,35,817,175,1789636803
2026-09-17T09:28:05Z,44,31,817,175,1789637102
2026-09-17T09:33:05Z,47,26,420,175,1789637402
2026-09-17T09:38:05Z,50,25,435,175,1789637703
2026-09-17T09:43:05Z,50,23,418,175,1789638002
2026-09-17T09:48:05Z,48,25,419,175,1789638302
2026-09-17T09:53:05Z,46,26,428,175,1789638602
2026-09-17T09:58:04Z,44,25,501,175,1789638901
2026-09-17T10:03:04Z,44,23,337,175,1789639202
2026-09-17T10:08:04Z,43,23,337,175,1789639503
2026-09-17T10:13:04Z,40,27,362,175,1789639802
2026-09-17T10:18:04Z,41,26,1426,175,1789640102
2026-09-17T10:23:04Z,44,32,1975,175,1789640402
2026-09-17T10:28:04Z,45,31,1901,175,1789640701
2026-09-17T10:33:04Z,43,28,1923,175,1789641002
2026-09-17T10:38:04Z,50,29,1364,175,1789641302
2026-09-17T10:43:04Z,49,31,1377,175,1789641602
2026-09-17T10:48:04Z,50,31,1495,0,1789641902
2026-09-17T10:53:04Z,50,30,2055,0,1789642202
2026-09-17T10:58:04Z,44,27,1481,0,1789642502
2026-09-17T11:03:04Z,44,29,1482,0,1789642802
2026-09-17T11:08:04Z,42,29,1481,0,1789643102
2026-09-17T11:13:04Z,43,30,629,0,1789643402
2026-09-17T11:18:04Z,43,29,270,0,1789643702
2026-09-17T11:23:04Z,42,29,192,0,1789644002
2026-09-17T11:28:04Z,44,27,206,0,1789644303
2026-09-17T11:33:04Z,39,25,204,0,1789644602
2026-09-17T11:38:04Z,38,23,227,0,1789644902
2026-09-17T11:43:04Z,37,27,234,0,1789645203
2026-09-17T11:48:04Z,38,25,212,0,1789645502
2026-09-17T11:53:04Z,39,24,170,0,1789645801
2026-09-17T11:58:04Z,43,20,151,0,1789646103
2026-09-17T12:03:04Z,43,18,151,0,1789646402
2026-09-17T12:08:04Z,39,21,147,0,1789646702
2026-09-17T12:13:04Z,41,22,138,0,1789647001
2026-09-17T12:18:04Z,46,20,134,0,1789647302
2026-09-17T12:23:04Z,46,20,111,0,1789647602
2026-09-17T12:28:04Z,46,22,105,0,1789647903
2026-09-17T12:33:04Z,44,22,248,0,1789648202
2026-09-17T12:38:04Z,42,24,104,0,1789648502
2026-09-17T12:43:04Z,42,25,101,0,1789648803
2026-09-17T12:48:04Z,43,19,101,0,1789649102
2026-09-17T12:53:04Z,41,18,101,0,1789649403
2026-09-17T12:58:04Z,41,16,157,0,1789649702
2026-09-17T13:03:04Z,39,16,159,0,1789650003
2026-09-17T13:08:04Z,40,17,139,0,1789650302
2026-09-17T13:13:04Z,42,18,134,0,1789650602
2026-09-17T13:18:05Z,41,17,134,0,1789650902
2026-09-17T13:23:05Z,43,16,134,0,1789651202
2026-09-17T13:28:05Z,41,18,142,0,1789651502
2026-09-17T13:33:05Z,40,17,143,0,1789651801
2026-09-17T13:38:05Z,43,32,390,0,1789652102
2026-09-17T13:43:05Z,39,32,395,0,1789652402
2026-09-17T13:48:05Z,37,34,626,0,1789652702
2026-09-17T13:53:05Z,36,38,806,0,1789653002
2026-09-17T13:58:05Z,36,35,635,0,1789653302
2026-09-17T14:03:05Z,35,35,660,0,1789653603
2026-09-17T14:08:05Z,34,34,656,0,1789653903
2026-09-17T14:13:05Z,34,34,642,0,1789654202
2026-09-17T14:18:05Z,34,32,639,0,1789654502
2026-09-17T17:07:59Z,30,13,277,0,1789664702
2026-09-17T17:13:05Z,27,12,196,0,1789665002
2026-09-17T17:18:05Z,28,10,114,0,1789665303
2026-09-17T17:23:05Z,27,11,114,0,1789665602
2026-09-17T17:28:05Z,28,9,106,0,1789665901
2026-09-17T17:33:05Z,28,8,43,0,1789666201
2026-09-17T17:38:05Z,25,10,43,0,1789666501
2026-09-17T17:43:05Z,23,11,43,0,1789666801
2026-09-17T17:48:05Z,23,9,43,0,1789667101
2026-09-17T17:53:06Z,24,6,43,0,1789667402
2026-09-17T17:58:06Z,23,6,51,0,1789667702
2026-09-17T18:03:05Z,25,5,51,0,1789668003
2026-09-17T18:08:05Z,24,6,51,0,1789668302
2026-09-17T18:13:05Z,24,9,113,0,1789668602
2026-09-17T18:18:05Z,23,9,293,0,1789668902
2026-09-17T18:23:05Z,21,10,293,0,1789669202
2026-09-17T18:28:05Z,18,12,292,0,1789669502
2026-09-17T18:33:05Z,17,13,292,0,1789669802
2026-09-17T18:38:05Z,15,12,243,0,1789670102
2026-09-17T18:43:05Z,14,8,243,0,1789670402
2026-09-17T18:48:05Z,16,7,371,0,1789670702
2026-09-17T18:53:05Z,16,6,243,0,1789671002
2026-09-17T18:58:05Z,14,8,264,0,1789671302
2026-09-17T19:03:05Z,13,9,264,0,1789671603
2026-09-17T19:08:05Z,12,8,265,0,1789671901
2026-09-17T19:13:05Z,11,9,252,0,1789672201
2026-09-17T19:18:05Z,10,9,251,0,1789672501
2026-09-17T19:23:05Z,9,8,243,0,1789672802
2026-09-17T19:28:05Z,9,6,243,0,1789673101
2026-09-17T19:33:05Z,7,6,258,0,1789673401
2026-09-17T19:38:05Z,7,6,237,0,1789673701
2026-09-17T19:43:05Z,7,6,157,0,1789674002
2026-09-17T19:48:05Z,7,5,157,0,1789674301
2026-09-17T19:53:05Z,7,5,142,0,1789674602
2026-09-17T19:58:05Z,7,4,34,0,1789674901
2026-09-17T20:03:05Z,7,4,34,0,1789675202
2026-09-17T20:08:05Z,6,4,34,0,1789675502
2026-09-17T20:13:05Z,6,4,34,0,1789675802
2026-09-17T20:18:05Z,6,4,34,0,1789676102
2026-09-17T20:23:05Z,5,4,34,0,1789676401
2026-09-17T20:28:05Z,5,4,34,0,1789676701
2026-09-17T20:33:05Z,5,3,34,0,1789677001
2026-09-17T20:38:05Z,5,2,34,0,1789677302
2026-09-17T20:43:05Z,5,2,2,0,1789677602
2026-09-17T20:48:05Z,5,2,2,0,1789677902
2026-09-17T20:53:05Z,5,3,2,0,1789678201
2026-09-17T20:58:05Z,5,3,2,0,1789678501
2026-09-17T21:03:05Z,5,3,2,0,1789678802
2026-09-17T21:08:05Z,5,2,2,0,1789679102
2026-09-17T21:13:05Z,5,2,2,0,1789679402
2026-09-17T21:18:05Z,5,2,2,0,1789679702
2026-09-17T21:23:05Z,5,2,2,0,1789680002
2026-09-17T21:28:05Z,5,2,2,0,1789680302
2026-09-17T21:33:05Z,5,2,2,0,1789680601
2026-09-17T21:38:05Z,5,2,2,0,1789680902
2026-09-17T21:43:05Z,4,2,2,0,1789681202
2026-09-17T21:48:05Z,5,2,2,0,1789681502
2026-09-17T21:53:05Z,5,2,2,0,1789681802
2026-09-17T21:58:05Z,4,3,2,0,1789682102
2026-09-17T22:03:05Z,4,3,2,0,1789682402
2026-09-17T22:08:05Z,4,2,2,0,1789682701
2026-09-17T22:13:05Z,4,2,2,0,1789683023
2026-09-17T22:18:05Z,4,2,2,0,1789683302
2026-09-17T22:23:05Z,4,2,2,0,1789683603
2026-09-17T22:28:05Z,4,2,2,0,1789683901
2026-09-17T22:33:05Z,4,2,2,0,1789684202
2026-09-17T22:38:05Z,4,2,2,0,1789684503
2026-09-17T22:52:06Z,5,2,2,0,1789685402
2026-09-18T09:59:21Z,36,21,146,0,1789725302
2026-09-18T10:05:00Z,38,20,146,0,1789725602
2026-09-18T10:08:05Z,39,21,119,0,1789725902
2026-09-18T10:13:05Z,38,22,119,0,1789726201
2026-09-18T10:18:05Z,40,19,119,0,1789726502
2026-09-18T10:23:06Z,39,18,117,0,1789726802
2026-09-18T10:28:05Z,40,19,116,0,1789727103
2026-09-18T10:33:05Z,42,22,168,0,1789727402
2026-09-18T10:38:05Z,43,20,168,0,1789727702
2026-09-18T10:43:05Z,41,20,167,0,1789728002
2026-09-18T10:48:05Z,41,22,202,0,1789728301
2026-09-18T10:53:05Z,41,23,246,0,1789728602
2026-09-18T10:58:05Z,43,22,242,0,1789728902
2026-09-18T11:03:05Z,39,22,218,0,1789729202
2026-09-18T11:08:06Z,40,24,218,0,1789729501
2026-09-18T11:13:05Z,41,24,233,0,1789729801
2026-09-18T11:18:05Z,40,25,258,0,1789730102
2026-09-18T11:23:05Z,41,23,403,0,1789730401
2026-09-18T11:28:05Z,39,22,372,0,1789730702
2026-09-18T11:33:05Z,38,23,365,0,1789731002
2026-09-18T11:38:05Z,38,23,338,0,1789731302
2026-09-18T11:43:05Z,38,25,339,0,1789731602
2026-09-18T11:48:05Z,39,22,335,0,1789731902
2026-09-18T11:53:05Z,37,21,304,0,1789732202
2026-09-18T11:58:05Z,37,20,296,0,1789732502
2026-09-18T12:03:05Z,41,19,290,0,1789732802
2026-09-18T12:08:05Z,41,20,290,0,1789733102
2026-09-18T12:13:05Z,39,22,413,0,1789733402
2026-09-18T12:18:05Z,38,19,412,0,1789733702
2026-09-18T12:23:05Z,40,19,412,0,1789734001
2026-09-18T12:28:05Z,38,16,412,0,1789734301
2026-09-18T12:33:05Z,38,15,225,0,1789734602
2026-09-18T12:38:05Z,38,16,225,0,1789734902
2026-09-18T12:43:05Z,34,16,180,0,1789735202
2026-09-18T12:48:05Z,33,16,170,0,1789735502
2026-09-18T12:53:05Z,30,14,170,0,1789735802
2026-09-18T12:58:05Z,29,13,707,0,1789736102
2026-09-18T13:03:05Z,30,12,264,0,1789736402
2026-09-18T13:08:05Z,32,11,264,0,1789736702
2026-09-18T13:13:05Z,34,12,254,0,1789737003
2026-09-18T13:18:05Z,34,11,254,0,1789737302
2026-09-18T13:23:05Z,33,11,255,0,1789737601
2026-09-18T13:28:05Z,30,13,254,0,1789737901
2026-09-18T13:33:05Z,31,11,254,0,1789738201
2026-09-18T13:38:05Z,32,9,254,0,1789738502
2026-09-18T13:43:05Z,34,8,254,0,1789738801
2026-09-18T13:48:05Z,33,9,248,0,1789739101
2026-09-18T13:53:06Z,35,8,103,0,1789739402
2026-09-18T13:58:06Z,34,12,122,0,1789739702
2026-09-18T14:03:05Z,33,13,117,0,1789740002
2026-09-18T14:08:05Z,35,13,115,0,1789740302
2026-09-18T14:13:05Z,35,12,115,0,1789740602
2026-09-18T14:18:05Z,34,10,114,0,1789740902
2026-09-18T14:23:05Z,31,9,56,0,1789741202
2026-09-18T14:28:05Z,33,10,59,0,1789741502
2026-09-18T14:33:05Z,35,8,59,0,1789741803
2026-09-18T14:38:05Z,33,12,79,0,1789742102
2026-09-18T14:43:06Z,27,16,79,0,1789742402
2026-09-18T14:48:05Z,29,15,79,0,1789742701
2026-09-18T14:53:06Z,28,11,63,0,1789743002
2026-09-18T14:58:05Z,27,6,63,0,1789743302
2026-09-18T15:03:06Z,26,8,63,0,1789743602
2026-09-18T15:08:06Z,25,9,63,0,1789743902
2026-09-18T15:13:06Z,25,8,58,0,1789744202
2026-09-18T15:18:06Z,21,11,7,0,1789744502
2026-09-18T15:23:05Z,22,12,27,0,1789744802
2026-09-18T15:28:06Z,23,8,27,0,1789745102
2026-09-18T15:33:05Z,23,7,27,0,1789745402
2026-09-18T15:38:05Z,23,7,27,0,1789745703
2026-09-18T15:43:05Z,24,6,27,0,1789746002
2026-09-18T15:48:04Z,23,6,14,0,1789746302
2026-09-18T15:53:04Z,23,7,14,0,1789746602
2026-09-18T15:58:04Z,20,8,18,0,1789746901
2026-09-18T16:03:05Z,20,7,21,0,1789747202
2026-09-18T16:08:05Z,19,8,18,0,1789747501
2026-09-18T16:13:05Z,17,11,18,0,1789747801
2026-09-18T16:18:05Z,18,9,18,0,1789748101
2026-09-18T16:23:05Z,16,7,23,0,1789748402
2026-09-18T16:28:04Z,16,6,18,0,1789748702
2026-09-18T16:33:05Z,16,3,5,0,1789749002
2026-09-18T16:38:04Z,16,2,5,0,1789749301
2026-09-18T16:43:04Z,15,3,5,0,1789749601
2026-09-18T16:48:05Z,19,4,5,0,1789749902
2026-09-18T16:53:05Z,17,5,6,0,1789750202
2026-09-18T16:58:05Z,15,6,183,0,1789750502
2026-09-18T17:03:05Z,14,5,10,0,1789750802
2026-09-18T17:08:05Z,14,6,10,0,1789751102
2026-09-18T17:13:05Z,12,7,10,0,1789751402
2026-09-18T17:18:05Z,12,6,10,0,1789751701
2026-09-18T19:24:33Z,10,3,1,0,1789759202
2026-09-18T19:30:09Z,10,4,37,0,1789759802
2026-09-18T19:38:05Z,10,4,37,0,1789760102
2026-09-18T19:43:05Z,9,5,37,0,1789760402
2026-09-18T19:48:05Z,9,5,37,0,1789760702
2026-09-18T19:53:05Z,8,5,37,0,1789761002
2026-09-18T19:58:05Z,7,5,1,0,1789761302
2026-09-18T20:03:05Z,6,5,1,0,1789761604
2026-09-18T20:08:05Z,6,3,1,0,1789761902
2026-09-18T20:13:05Z,5,4,1,0,1789762202
2026-09-18T20:18:05Z,5,3,1,0,1789762502
2026-09-18T20:23:05Z,5,3,1,0,1789762803
2026-09-18T20:28:05Z,5,2,1,0,1789763102
2026-09-18T20:33:05Z,5,2,1,0,1789763401
2026-09-18T20:38:05Z,4,2,1,0,1789763701
2026-09-18T20:43:05Z,4,2,1,0,1789764002
2026-09-18T20:48:05Z,4,2,1,0,1789764302
2026-09-18T20:53:05Z,5,2,1,0,1789764602
2026-09-18T20:58:05Z,5,2,1,0,1789764902
2026-09-18T21:03:05Z,5,2,1,0,1789765202
2026-09-18T21:08:05Z,4,2,1,0,1789765502
2026-09-18T21:13:05Z,4,2,1,0,1789765801
2026-09-18T21:18:05Z,4,2,1,0,1789766103
2026-09-18T21:23:05Z,4,2,1,0,1789766402
2026-09-18T21:28:05Z,4,2,1,0,1789766702
2026-09-18T21:33:05Z,4,2,1,0,1789767002
2026-09-18T21:38:05Z,4,2,1,0,1789767302
2026-09-18T21:43:05Z,4,2,1,0,1789767601
2026-09-18T21:48:05Z,4,2,1,0,1789767901
2026-09-18T21:53:05Z,4,2,1,0,1789768201
2026-09-18T21:58:05Z,4,2,1,0,1789768501
2026-09-18T22:03:05Z,4,2,1,0,1789768802
2026-09-18T22:08:05Z,4,2,1,0,1789769102
2026-09-18T22:13:05Z,4,2,1,0,1789769422
2026-09-18T22:18:05Z,4,2,1,0,1789769701
2026-09-18T22:23:05Z,4,2,1,0,1789770001
2026-09-18T22:28:05Z,4,2,1,0,1789770302
2026-09-18T22:33:05Z,4,2,1,0,1789770602
2026-09-18T22:38:05Z,4,2,1,0,1789770904
2026-09-18T22:43:05Z,4,2,1,0,1789771202
2026-09-18T22:48:05Z,4,2,1,0,1789771501
2026-09-18T22:53:05Z,4,2,1,0,1789771802
2026-09-18T22:58:05Z,4,2,1,0,1789772101
2026-09-18T23:03:05Z,4,2,1,0,1789772402
2026-09-18T23:08:05Z,4,2,1,0,1789772702
2026-09-18T23:13:05Z,4,2,1,0,1789773002
2026-09-18T23:18:05Z,4,2,1,0,1789773302
2026-09-18T23:23:05Z,4,2,1,0,1789773602
2026-09-18T23:28:05Z,4,2,1,0,1789773902
2026-09-18T23:33:05Z,4,2,1,0,1789774202
2026-09-18T23:38:05Z,4,2,1,0,1789774510
2026-09-18T23:43:05Z,4,2,1,0,1789774802
2026-09-18T23:48:05Z,4,2,1,0,1789775102
2026-09-18T23:53:05Z,4,2,1,0,1789775401
2026-09-18T23:58:06Z,4,2,1,0,1789775702
2026-09-19T00:08:05Z,4,2,1,0,1789776303
2026-09-19T00:13:05Z,4,2,1,0,1789776616
2026-09-19T00:18:05Z,4,3,2,0,1789776902
2026-09-19T00:23:05Z,4,4,51,0,1789777201
2026-09-19T00:28:05Z,4,4,51,0,1789777502
2026-09-19T00:33:05Z,4,4,51,0,1789777802
2026-09-19T00:43:04Z,4,4,51,0,1789778402
2026-09-19T00:48:05Z,4,4,51,0,1789778702
2026-09-19T00:58:05Z,4,4,51,0,1789779302
2026-09-19T01:08:04Z,4,4,51,0,1789779902
2026-09-19T01:13:05Z,4,4,51,0,1789780202
2026-09-19T01:18:05Z,4,4,51,0,1789780502
2026-09-19T01:28:04Z,4,4,51,0,1789781102
2026-09-19T01:33:04Z,4,4,51,0,1789781403
2026-09-19T01:38:04Z,4,4,51,0,1789781702
2026-09-19T01:43:04Z,4,4,51,0,1789782002
2026-09-19T01:48:04Z,4,4,51,0,1789782302
2026-09-19T01:53:04Z,4,4,51,0,1789782602
2026-09-19T01:58:04Z,4,4,51,0,1789782902
2026-09-19T02:03:04Z,4,4,51,0,1789783202
2026-09-19T02:08:04Z,4,4,50,0,1789783502
2026-09-19T02:13:04Z,4,4,1,0,1789783802
2026-09-19T02:18:04Z,4,4,1,0,1789784103
2026-09-19T02:23:04Z,5,2,1,0,1789784402
2026-09-19T02:28:04Z,5,2,1,0,1789784702
2026-09-19T02:33:04Z,5,2,1,0,1789785002
2026-09-19T02:38:04Z,5,2,1,0,1789785302
2026-09-19T02:43:04Z,5,2,1,0,1789785602
2026-09-19T02:48:04Z,5,2,1,0,1789785903
2026-09-19T02:53:04Z,5,2,1,0,1789786202
2026-09-19T02:58:04Z,5,2,1,0,1789786502
2026-09-19T03:03:04Z,5,2,1,0,1789786802
2026-09-19T03:08:04Z,5,2,1,0,1789787102
2026-09-19T03:13:04Z,5,2,1,0,1789787402
2026-09-19T03:18:04Z,6,2,1,0,1789787702
2026-09-19T03:23:04Z,6,2,1,0,1789788002
2026-09-19T03:28:04Z,6,2,1,0,1789788302
2026-09-19T03:33:04Z,6,2,1,0,1789788601
2026-09-19T03:38:04Z,6,2,1,0,1789788902
2026-09-19T03:43:04Z,6,2,1,0,1789789202
2026-09-19T03:48:04Z,6,2,1,0,1789789503
2026-09-19T03:53:05Z,6,2,1,0,1789789802
2026-09-19T04:03:05Z,6,3,260,0,1789790401
2026-09-19T04:08:04Z,7,4,1242,0,1789790701
2026-09-19T04:13:04Z,7,5,1347,0,1789791001
2026-09-19T04:18:05Z,7,5,1347,0,1789791301
2026-09-19T04:23:05Z,7,5,1347,0,1789791602
2026-09-19T04:28:05Z,7,5,1347,0,1789791902
2026-09-19T04:33:05Z,8,5,1347,0,1789792202
2026-09-19T04:38:05Z,8,5,1347,0,1789792502
2026-09-19T04:43:05Z,8,6,1348,0,1789792802
2026-09-19T04:48:05Z,8,6,1348,0,1789793102
2026-09-19T04:53:05Z,8,6,1348,0,1789793403
2026-09-19T04:58:05Z,8,7,1361,0,1789793702
2026-09-19T05:03:05Z,9,7,1361,0,1789794002
2026-09-19T05:08:05Z,9,8,1348,0,1789794301
2026-09-19T05:13:05Z,8,10,1348,0,1789794602
2026-09-19T05:18:05Z,8,10,1348,0,1789794902
2026-09-19T05:23:05Z,7,10,1348,0,1789795202
2026-09-19T05:28:05Z,8,8,366,0,1789795502
2026-09-19T05:33:05Z,9,8,366,0,1789795802
2026-09-19T05:38:05Z,10,7,366,0,1789796102
2026-09-19T05:43:05Z,11,7,366,0,1789796401
2026-09-19T05:48:05Z,11,7,366,0,1789796702
2026-09-19T05:53:05Z,11,6,366,0,1789797002
2026-09-19T05:58:05Z,12,5,261,0,1789797302
2026-09-19T06:03:05Z,12,6,261,0,1789797602
2026-09-19T06:08:05Z,14,5,261,0,1789797901
2026-09-19T06:13:05Z,14,6,261,0,1789798202
2026-09-19T06:18:05Z,15,5,261,0,1789798502
2026-09-19T06:23:05Z,15,5,261,0,1789798802
2026-09-19T06:28:05Z,14,5,261,0,1789799102
2026-09-19T06:33:05Z,14,5,261,0,1789799402
2026-09-19T06:38:05Z,16,4,261,0,1789799702
2026-09-19T06:43:05Z,14,6,415,0,1789800032
2026-09-19T06:48:05Z,16,6,415,0,1789800302
2026-09-19T06:53:05Z,19,6,474,0,1789800602
2026-09-19T06:58:05Z,24,6,440,0,1789800902
2026-09-19T07:03:05Z,24,6,440,0,1789801203
2026-09-19T07:08:05Z,23,7,440,0,1789801502
2026-09-19T07:13:05Z,25,8,122,0,1789801802
2026-09-19T07:18:05Z,27,6,122,0,1789802103
2026-09-19T07:23:05Z,28,5,3,0,1789802402
2026-09-19T07:28:05Z,26,7,88,0,1789802702
2026-09-19T07:33:05Z,26,8,88,0,1789803003
2026-09-19T07:38:05Z,24,8,88,0,1789803302
2026-09-19T07:43:05Z,24,8,88,0,1789803602
2026-09-19T07:48:05Z,24,13,122,0,1789803902
2026-09-19T07:53:05Z,27,13,99,0,1789804201
2026-09-19T07:58:05Z,29,14,109,0,1789804502
2026-09-19T08:03:05Z,30,10,109,0,1789804803
2026-09-19T08:08:05Z,32,9,110,0,1789805102
2026-09-19T08:13:05Z,32,11,118,0,1789805403
2026-09-19T08:18:05Z,30,15,119,0,1789805702
2026-09-19T08:23:05Z,29,15,119,0,1789806002
2026-09-19T08:28:05Z,30,13,1264,0,1789806303
2026-09-19T08:33:05Z,31,13,1065,0,1789806602
2026-09-19T08:38:05Z,31,12,1065,0,1789806902
2026-09-19T08:43:05Z,35,11,1065,0,1789807202
2026-09-19T08:48:05Z,34,14,1119,0,1789807501
2026-09-19T08:53:05Z,34,15,1119,0,1789807801
2026-09-19T08:58:05Z,36,17,891,0,1789808102
2026-09-19T09:03:05Z,35,20,891,0,1789808402
2026-09-19T09:08:05Z,34,23,857,0,1789808702
2026-09-19T09:13:05Z,33,24,857,0,1789809002
2026-09-19T09:18:05Z,35,25,720,0,1789809302
2026-09-19T09:23:05Z,35,23,718,0,1789809602
2026-09-19T09:28:05Z,33,19,729,0,1789809902
2026-09-19T09:33:05Z,34,17,727,0,1789810202
2026-09-19T09:38:05Z,34,16,636,0,1789810502
2026-09-19T09:43:05Z,36,14,761,0,1789810802
2026-09-19T09:48:05Z,36,14,759,0,1789811102
2026-09-19T09:53:05Z,35,12,572,0,1789811402
2026-09-19T09:58:05Z,38,10,758,0,1789811702
2026-09-19T10:03:05Z,36,12,757,0,1789812002
2026-09-19T10:08:05Z,36,12,752,0,1789812302
2026-09-19T10:13:05Z,35,12,752,0,1789812602
2026-09-19T10:18:05Z,37,9,362,0,1789812902
2026-09-19T10:23:05Z,37,10,362,0,1789813202
2026-09-19T10:28:05Z,37,9,311,0,1789813501
2026-09-19T10:33:05Z,40,10,311,0,1789813802
2026-09-19T10:38:05Z,41,8,311,0,1789814102
2026-09-19T10:43:05Z,42,7,290,0,1789814402
2026-09-19T10:48:05Z,44,6,290,0,1789814701
2026-09-19T10:53:05Z,45,7,290,0,1789815001
2026-09-19T10:58:05Z,45,8,343,0,1789815301
2026-09-19T11:03:05Z,45,9,343,0,1789815602
2026-09-19T11:08:05Z,44,12,343,0,1789815902
2026-09-19T11:13:05Z,45,13,853,0,1789816202
2026-09-19T11:18:05Z,44,15,534,0,1789816502
2026-09-19T11:23:05Z,42,13,914,0,1789816802
2026-09-19T11:33:04Z,41,12,853,0,1789817402
2026-09-19T11:38:04Z,41,13,853,0,1789817702
2026-09-19T11:43:04Z,44,12,854,0,1789818006
2026-09-19T11:48:04Z,43,14,853,0,1789818302
2026-09-19T11:53:04Z,43,16,853,0,1789818602
2026-09-19T11:58:04Z,45,15,867,0,1789818909
2026-09-19T12:03:04Z,42,11,502,0,1789819201
2026-09-19T12:08:04Z,45,11,537,0,1789819502
2026-09-19T12:13:04Z,43,12,541,0,1789819802
2026-09-19T12:18:04Z,43,13,542,0,1789820102
2026-09-19T12:23:04Z,46,13,542,0,1789820402
2026-09-19T12:28:04Z,44,14,542,0,1789820702
2026-09-19T12:33:04Z,42,14,541,0,1789821002
2026-09-19T12:38:05Z,40,16,541,0,1789821302
2026-09-19T12:43:04Z,41,16,544,0,1789821602
2026-09-19T12:48:04Z,43,15,544,0,1789821902
2026-09-19T12:53:04Z,41,17,839,0,1789822202
2026-09-19T12:58:04Z,40,18,644,0,1789822502
2026-09-19T13:03:05Z,41,16,644,0,1789822803
2026-09-19T13:08:04Z,40,17,644,0,1789823103
2026-09-19T13:13:04Z,37,18,656,0,1789823403
2026-09-19T13:18:04Z,34,21,656,0,1789823702
2026-09-19T13:23:04Z,31,23,883,0,1789824002
2026-09-19T13:28:04Z,33,20,833,0,1789824303
2026-09-19T13:33:04Z,35,16,833,0,1789824602
2026-09-19T13:38:04Z,37,14,830,0,1789824902
2026-09-19T13:43:04Z,38,14,707,0,1789825202
2026-09-19T13:48:04Z,38,15,668,0,1789825503
2026-09-19T13:53:04Z,37,15,694,0,1789825802
2026-09-19T13:58:04Z,39,14,694,0,1789826102
2026-09-19T14:03:05Z,38,13,631,0,1789826402
2026-09-19T14:08:05Z,39,15,721,0,1789826702
2026-09-19T14:13:05Z,37,17,727,0,1789827002
2026-09-19T14:18:05Z,35,16,525,0,1789827302
2026-09-19T14:23:05Z,35,15,698,0,1789827601
2026-09-19T14:28:05Z,34,19,753,0,1789827902
2026-09-19T14:33:05Z,35,19,761,0,1789828202
2026-09-19T14:38:05Z,36,17,746,0,1789828502
2026-09-19T14:43:05Z,34,17,442,0,1789828802
2026-09-19T14:48:05Z,37,17,359,0,1789829102
2026-09-19T14:53:05Z,37,15,88,0,1789829402
2026-09-19T14:58:05Z,38,12,88,0,1789829702
2026-09-19T15:03:05Z,37,12,88,0,1789830002
2026-09-19T15:08:05Z,37,11,88,0,1789830302
2026-09-19T15:13:05Z,35,11,82,0,1789830602
2026-09-19T15:18:05Z,36,12,82,0,1789830902
2026-09-19T15:23:05Z,34,13,82,0,1789831202
2026-09-19T15:28:05Z,33,13,74,0,1789831502
2026-09-19T15:33:05Z,33,13,75,0,1789831802
2026-09-19T15:38:05Z,31,14,70,0,1789832102
2026-09-19T15:43:05Z,31,11,70,0,1789832402
2026-09-19T15:48:05Z,32,9,70,0,1789832702
2026-09-19T15:53:05Z,30,9,75,0,1789833002
2026-09-19T15:58:05Z,26,13,75,0,1789833302
2026-09-19T16:03:05Z,26,12,71,0,1789833602
2026-09-19T16:08:05Z,26,9,67,0,1789833901
2026-09-19T16:13:05Z,24,9,112,0,1789834202
2026-09-19T16:18:05Z,24,9,60,0,1789834502
2026-09-19T17:52:08Z,23,8,10,0,1789840201
2026-09-19T17:57:47Z,23,8,9,0,1789840501
2026-09-19T18:03:05Z,21,7,9,0,1789840801
2026-09-19T18:08:05Z,20,5,10,0,1789841101
2026-09-19T18:13:05Z,19,5,9,0,1789841402
2026-09-19T18:18:05Z,18,7,9,0,1789841702
2026-09-19T18:23:05Z,20,7,9,0,1789842002
2026-09-19T18:28:05Z,18,6,10,0,1789842302
2026-09-19T18:33:05Z,14,9,12,0,1789842602
2026-09-19T18:38:05Z,12,11,13,0,1789842901
2026-09-19T18:43:05Z,12,10,11,0,1789843202
2026-09-19T18:48:05Z,13,7,11,0,1789843502
2026-09-19T18:53:05Z,16,6,11,0,1789843801
2026-09-19T18:58:05Z,15,6,11,0,1789844101
2026-09-19T19:03:05Z,13,8,11,0,1789844401
2026-09-19T19:08:05Z,12,7,11,0,1789844702
2026-09-19T19:13:05Z,10,8,11,0,1789845002
2026-09-19T19:18:05Z,9,7,18,0,1789845302
2026-09-19T19:23:05Z,9,6,11,0,1789845601
2026-09-19T19:28:05Z,8,6,11,0,1789845901
2026-09-19T19:33:05Z,7,6,11,0,1789846202
2026-09-19T19:38:05Z,6,7,11,0,1789846502
2026-09-20T09:00:50Z,31,11,58,0,1789894802
2026-09-20T09:03:05Z,31,10,58,0,1789894802
2026-09-20T09:08:05Z,32,7,58,0,1789895103
2026-09-20T09:13:05Z,33,14,174,0,1789895402
2026-09-20T09:18:06Z,31,16,174,0,1789895702
2026-09-20T09:23:05Z,30,12,180,0,1789896002
2026-09-20T09:28:05Z,30,11,168,0,1789896301
2026-09-20T09:33:06Z,30,9,161,0,1789896602
2026-09-20T09:38:05Z,32,9,160,0,1789896902
2026-09-20T09:43:05Z,32,9,160,0,1789897202
2026-09-20T09:48:05Z,30,9,49,0,1789897502
2026-09-20T09:53:05Z,31,10,49,0,1789897802
2026-09-20T09:58:06Z,30,10,50,0,1789898102
2026-09-20T10:03:05Z,26,11,77,0,1789898402
2026-09-20T10:08:05Z,26,11,77,0,1789898703
2026-09-20T10:13:05Z,26,9,77,0,1789899003
2026-09-20T10:18:05Z,29,9,77,0,1789899302
2026-09-20T10:23:05Z,27,8,77,0,1789899602
2026-09-20T10:28:05Z,26,9,151,0,1789899902
2026-09-20T10:33:05Z,25,9,140,0,1789900202
2026-09-20T10:38:05Z,24,11,564,0,1789900502
2026-09-20T10:43:05Z,25,11,133,0,1789900802
2026-09-20T10:48:05Z,23,11,133,0,1789901102
2026-09-20T10:53:05Z,23,10,59,0,1789901402
2026-09-20T10:58:05Z,23,8,59,0,1789901702
2026-09-20T11:03:05Z,22,10,379,0,1789902003
2026-09-20T11:08:05Z,23,11,379,0,1789902301
2026-09-20T11:13:05Z,20,12,358,0,1789902602
2026-09-20T11:18:05Z,20,13,366,0,1789902903
2026-09-20T11:23:05Z,20,10,396,0,1789903202
2026-09-20T11:28:05Z,20,10,397,0,1789903502
2026-09-20T11:33:05Z,22,10,396,0,1789903802
2026-09-20T11:38:05Z,21,9,396,0,1789904102
2026-09-20T11:43:05Z,21,8,396,0,1789904402
2026-09-20T11:48:05Z,20,10,414,0,1789904702
2026-09-20T11:53:05Z,21,9,414,0,1789905002
2026-09-20T11:58:05Z,25,9,147,0,1789905302
2026-09-20T12:03:05Z,23,13,160,0,1789905602
2026-09-20T12:08:05Z,22,14,186,0,1789905903
2026-09-20T12:13:05Z,20,16,170,0,1789906202
2026-09-20T12:18:05Z,19,15,170,0,1789906502
2026-09-20T12:23:05Z,19,13,170,0,1789906802
2026-09-20T12:28:06Z,16,14,96,0,1789907102
2026-09-20T12:33:05Z,16,13,95,0,1789907403
2026-09-20T12:38:06Z,18,12,95,0,1789907703
2026-09-20T12:43:05Z,18,7,87,0,1789908003
2026-09-20T12:48:05Z,20,8,57,0,1789908303
2026-09-20T12:53:05Z,20,11,64,0,1789908602
2026-09-20T12:58:05Z,20,10,63,0,1789908903
2026-09-20T13:03:05Z,20,9,71,0,1789909203
2026-09-20T13:08:05Z,21,11,326,0,1789909503
2026-09-20T13:13:05Z,23,13,72,0,1789909803
2026-09-20T13:18:05Z,22,13,285,0,1789910103
2026-09-20T13:23:05Z,21,12,277,0,1789910402
2026-09-20T13:28:05Z,22,11,277,0,1789910703
2026-09-20T13:33:05Z,22,10,224,0,1789911002
2026-09-20T13:38:05Z,21,10,271,0,1789911302
2026-09-20T13:43:06Z,24,10,271,0,1789911603
2026-09-20T13:48:05Z,24,6,266,0,1789911903
2026-09-20T13:53:05Z,24,9,266,0,1789912203
2026-09-20T13:58:07Z,23,9,227,0,1789912503
2026-09-20T14:03:06Z,21,12,240,0,1789912803
2026-09-20T14:08:05Z,20,11,235,0,1789913102
2026-09-20T14:13:05Z,19,11,61,0,1789913402
2026-09-20T14:18:05Z,19,10,60,0,1789913702
2026-09-20T14:23:06Z,18,9,60,0,1789914002
2026-09-20T14:28:05Z,15,13,73,0,1789914303
2026-09-20T14:33:05Z,15,12,73,0,1789914602
2026-09-20T14:38:06Z,14,9,67,0,1789914903
2026-09-20T14:43:06Z,15,8,67,0,1789915202
2026-09-20T14:48:05Z,14,10,294,0,1789915503
2026-09-20T14:53:06Z,14,9,67,0,1789915803
2026-09-20T14:58:06Z,13,10,69,0,1789916103
2026-09-20T15:03:05Z,13,10,70,0,1789916402
2026-09-20T15:08:06Z,14,11,108,0,1789916701
2026-09-20T15:13:06Z,12,12,108,0,1789917001
2026-09-20T15:18:06Z,10,13,68,0,1789917303
2026-09-20T15:23:05Z,10,10,68,0,1789917602
2026-09-20T15:28:05Z,11,8,68,0,1789917902
2026-09-20T15:33:05Z,12,8,68,0,1789918202
2026-09-20T15:38:05Z,16,8,68,0,1789918501
2026-09-20T15:43:05Z,18,7,68,0,1789918802
2026-09-20T15:48:05Z,17,8,101,0,1789919102
2026-09-20T15:53:05Z,17,8,101,0,1789919402
2026-09-20T15:58:05Z,18,8,99,0,1789919702
2026-09-20T16:03:05Z,17,9,99,0,1789920002
2026-09-20T16:08:05Z,16,8,131,0,1789920302
2026-09-20T16:13:06Z,17,7,131,0,1789920603
2026-09-20T16:18:05Z,17,8,349,0,1789920902
2026-09-20T16:23:05Z,18,9,357,0,1789921202
2026-09-20T16:28:05Z,17,10,396,0,1789921502
2026-09-20T16:33:05Z,17,9,388,0,1789921802
2026-09-20T16:38:05Z,15,10,388,0,1789922102
2026-09-20T16:43:04Z,14,10,63,0,1789922402
2026-09-20T16:48:05Z,15,9,39,0,1789922701
2026-09-20T16:53:05Z,15,10,49,0,1789923002
2026-09-20T16:58:05Z,15,11,39,0,1789923302
2026-09-20T17:03:05Z,14,12,39,0,1789923602
2026-09-20T17:08:04Z,13,8,39,0,1789923902
2026-09-20T17:13:05Z,15,6,39,0,1789924201
2026-09-20T17:18:05Z,14,8,39,0,1789924501
2026-09-20T17:23:05Z,11,11,40,0,1789924802
2026-09-20T17:28:05Z,9,12,44,0,1789925102
2026-09-20T17:33:05Z,9,11,44,0,1789925401
2026-09-20T17:38:05Z,10,8,44,0,1789925702
2026-09-20T17:43:05Z,11,8,22,0,1789926003
2026-09-20T17:48:05Z,13,8,17,0,1789926302
2026-09-20T17:53:05Z,14,7,17,0,1789926602
2026-09-20T17:58:05Z,10,7,259,0,1789926901
2026-09-20T18:03:05Z,8,8,259,0,1789927202
2026-09-20T18:08:05Z,11,8,259,0,1789927502
2026-09-20T18:13:05Z,10,9,790,0,1789927802
2026-09-20T18:18:05Z,12,8,788,0,1789928102
2026-09-20T18:23:05Z,11,8,789,0,1789928402
2026-09-20T18:28:05Z,10,9,776,0,1789928702
2026-09-20T18:33:05Z,10,8,776,0,1789929002
2026-09-20T18:38:05Z,11,10,786,0,1789929302
2026-09-20T18:43:05Z,11,7,688,0,1789929602
2026-09-20T18:48:05Z,11,7,688,0,1789929902
2026-09-20T18:53:05Z,11,8,1042,0,1789930203
2026-09-20T18:58:05Z,10,9,1032,0,1789930502
2026-09-20T19:03:05Z,11,8,1032,0,1789930802
2026-09-20T19:08:05Z,11,7,1032,0,1789931102
2026-09-20T19:13:05Z,11,7,1032,0,1789931402
2026-09-20T19:18:05Z,10,8,1032,0,1789931702
2026-09-20T19:23:05Z,10,9,1091,0,1789932002
2026-09-20T19:28:05Z,10,8,1032,0,1789932302
2026-09-20T19:33:05Z,9,8,1033,0,1789932602
2026-09-20T19:38:05Z,10,10,1044,0,1789932902
2026-09-20T19:43:05Z,10,10,1044,0,1789933201
2026-09-20T19:48:05Z,10,9,513,0,1789933502
2026-09-20T19:53:05Z,11,10,523,0,1789933803
2026-09-20T19:58:05Z,10,17,726,0,1789934102
2026-09-20T20:03:05Z,9,19,726,0,1789934403
2026-09-20T20:08:05Z,10,18,726,0,1789934702
2026-09-20T20:13:05Z,11,16,724,0,1789935003
2026-09-20T20:18:05Z,11,16,703,0,1789935302
2026-09-20T20:23:05Z,11,16,703,0,1789935602
2026-09-20T20:28:05Z,11,13,846,0,1789935902
2026-09-20T20:33:05Z,11,13,859,0,1789936203
2026-09-20T20:38:05Z,10,14,834,0,1789936502
2026-09-20T20:43:05Z,10,14,890,0,1789936802
2026-09-20T20:48:05Z,9,12,833,0,1789937102
2026-09-20T20:53:05Z,9,12,506,0,1789937402
2026-09-20T20:58:05Z,9,12,506,0,1789937703
2026-09-20T21:03:05Z,9,11,506,0,1789938002
2026-09-20T21:08:05Z,9,11,516,0,1789938302
2026-09-20T21:13:05Z,10,11,479,0,1789938602
2026-09-20T21:18:05Z,8,12,499,0,1789938902
2026-09-20T21:23:05Z,8,13,732,0,1789939202
2026-09-20T21:28:05Z,8,13,732,0,1789939502
2026-09-20T21:33:05Z,8,14,1435,0,1789939803
2026-09-20T21:38:05Z,8,14,1435,0,1789940102
2026-09-20T21:43:05Z,8,13,1435,0,1789940402
2026-09-20T21:48:05Z,5,14,1324,0,1789940703
2026-09-21T04:32:10Z,12,6,59,0,1789965003
2026-09-21T04:38:05Z,12,6,59,0,1789965302
2026-09-21T05:25:13Z,24,11,78,179,1789968302
2026-09-21T05:33:06Z,27,10,78,374,1789968603
2026-09-21T05:38:05Z,29,10,135,445,1789968902
2026-09-21T05:43:05Z,30,11,135,483,1789969202
2026-09-21T05:48:05Z,35,13,190,551,1789969504
2026-09-21T05:53:05Z,38,11,190,557,1789969803
2026-09-21T05:58:05Z,42,15,242,703,1789970102
2026-09-21T06:03:05Z,44,16,288,703,1789970403
2026-09-21T06:08:05Z,51,15,278,729,1789970703
2026-09-21T06:13:05Z,48,16,224,770,1789971002
2026-09-21T06:18:05Z,45,16,282,1593,1789971303
2026-09-21T06:23:05Z,45,14,282,1787,1789971603
2026-09-21T06:28:05Z,48,14,342,1987,1789971902
2026-09-21T06:33:05Z,48,16,341,2058,1789972203
2026-09-21T06:38:05Z,47,19,347,2133,1789972502
2026-09-21T06:43:05Z,49,17,444,2360,1789972803
2026-09-21T06:48:05Z,52,17,444,2474,1789973103
2026-09-21T06:53:05Z,52,20,475,2655,1789973403
2026-09-21T06:58:05Z,52,21,474,3385,1789973703
2026-09-21T07:03:05Z,52,24,491,3515,1789974003
2026-09-21T07:08:05Z,52,22,435,3685,1789974302
2026-09-21T07:13:05Z,51,24,427,4124,1789974603
2026-09-21T07:18:05Z,53,22,274,4506,1789974903
2026-09-21T07:23:05Z,54,24,274,4505,1789975203
2026-09-21T07:28:05Z,56,19,275,4595,1789975503
2026-09-21T07:33:05Z,56,15,257,4597,1789975803
2026-09-21T07:38:05Z,57,18,1618,4605,1789976102
2026-09-21T07:43:05Z,55,22,1649,4619,1789976404
2026-09-21T07:48:05Z,55,19,1628,4661,1789976703
2026-09-21T07:53:05Z,56,19,1628,4800,1789977003
2026-09-21T07:58:05Z,53,20,1644,4645,1789977303
2026-09-21T08:03:05Z,55,26,1668,4645,1789977603
2026-09-21T08:08:05Z,54,29,1644,4742,1789977903
2026-09-21T08:13:05Z,57,28,1642,5202,1789978203
2026-09-21T08:18:05Z,60,28,1711,5947,1789978503
2026-09-21T08:23:05Z,61,26,1642,5689,1789978803
2026-09-21T08:28:05Z,62,26,1642,5616,1789979103
2026-09-21T08:33:05Z,61,24,1642,5539,1789979403
2026-09-21T08:38:05Z,66,24,1629,5521,1789979702
2026-09-21T08:43:05Z,66,23,2584,5516,1789980003
2026-09-21T08:48:05Z,66,25,2585,5507,1789980303
2026-09-21T08:53:05Z,69,27,2587,5504,1789980604
2026-09-21T08:58:05Z,67,29,2401,5501,1789980903
2026-09-21T09:03:05Z,69,28,2915,5320,1789981204
2026-09-21T09:08:05Z,69,28,3289,5060,1789981503
2026-09-21T09:13:05Z,74,28,3407,5050,1789981803
2026-09-21T09:18:05Z,73,29,2949,5010,1789982103
2026-09-21T09:23:05Z,75,29,2520,4998,1789982404
2026-09-21T09:28:05Z,73,31,1932,5012,1789982703
2026-09-21T09:33:05Z,71,34,2193,5004,1789983003
2026-09-21T09:38:05Z,71,34,1916,5010,1789983302
2026-09-21T09:43:05Z,72,32,2427,5004,1789983603
2026-09-21T09:48:05Z,72,28,2212,5014,1789983903
2026-09-21T09:53:04Z,76,27,2420,5003,1789984203
2026-09-21T09:58:04Z,72,31,2421,5168,1789984504
2026-09-21T10:03:04Z,70,32,2237,5153,1789984803
2026-09-21T10:08:04Z,71,27,2091,5037,1789985103
2026-09-21T10:13:04Z,71,26,1917,5053,1789985403
2026-09-21T10:18:04Z,72,25,1916,4726,1789985702
2026-09-21T10:23:04Z,75,24,1704,4563,1789986003
2026-09-21T10:28:04Z,73,25,1372,4402,1789986303
2026-09-21T10:33:04Z,72,23,1380,4398,1789986603
2026-09-21T10:38:05Z,71,23,1382,4357,1789986902
2026-09-21T10:43:04Z,69,24,1382,4510,1789987202
2026-09-21T10:48:04Z,68,33,1621,4656,1789987503
2026-09-21T10:53:04Z,67,34,1050,4514,1789987803
2026-09-21T10:58:04Z,67,31,1086,4404,1789988102
2026-09-21T11:03:04Z,69,31,1021,4364,1789988402
2026-09-21T11:08:04Z,68,30,1022,4252,1789988702
2026-09-21T11:13:04Z,70,29,1212,4179,1789989002
2026-09-21T11:18:04Z,71,31,1262,4070,1789989303
2026-09-21T11:23:04Z,70,34,1236,4106,1789989603
2026-09-21T11:28:04Z,70,40,809,3957,1789989903
2026-09-21T11:33:04Z,68,39,809,3868,1789990202
2026-09-21T11:38:04Z,67,40,1102,3782,1789990503
2026-09-21T11:43:04Z,68,41,1691,3787,1789990803
2026-09-21T11:48:04Z,70,41,1352,3649,1789991103
2026-09-21T11:53:04Z,71,36,1352,3553,1789991403
2026-09-21T11:58:05Z,68,38,1116,3406,1789991703
2026-09-21T12:03:05Z,66,39,1079,2682,1789992003
2026-09-21T12:08:04Z,62,41,1052,2616,1789992303
2026-09-21T12:13:04Z,58,45,1061,2312,1789992602
2026-09-21T12:18:04Z,58,39,1068,2304,1789992902
2026-09-21T12:23:04Z,59,32,427,2295,1789993203
2026-09-21T12:28:05Z,56,23,428,2197,1789993502
2026-09-21T12:33:04Z,57,22,500,1730,1789993803
2026-09-21T12:38:05Z,54,25,500,1730,1789994102
2026-09-21T12:43:05Z,54,25,498,1733,1789994403
2026-09-21T12:48:04Z,53,27,498,1710,1789994702
2026-09-21T12:53:04Z,52,23,427,1709,1789995002
2026-09-21T12:58:04Z,52,23,555,1682,1789995302
2026-09-21T13:03:04Z,52,22,412,985,1789995603
2026-09-21T13:08:05Z,56,21,439,985,1789995902
2026-09-21T13:13:05Z,59,18,439,963,1789996202
2026-09-21T13:18:05Z,59,19,485,956,1789996502
2026-09-21T13:23:05Z,62,20,471,797,1789996802
2026-09-21T13:28:05Z,61,22,194,794,1789997102
2026-09-21T13:33:05Z,56,22,196,794,1789997402
2026-09-21T13:38:05Z,56,21,318,794,1789997702
2026-09-21T13:43:05Z,51,25,318,702,1789998002
2026-09-21T13:48:05Z,49,31,392,654,1789998302
2026-09-21T13:53:05Z,46,28,290,485,1789998602
2026-09-21T13:58:05Z,44,28,347,482,1789998902
2026-09-21T14:12:07Z,45,29,386,415,1789999801
2026-09-21T14:18:05Z,46,27,254,415,1790000102
2026-09-21T14:23:05Z,45,24,252,415,1790000402
2026-09-21T14:28:05Z,48,21,356,331,1790000703
2026-09-21T14:33:05Z,43,21,356,325,1790001002
2026-09-21T14:38:05Z,44,21,361,324,1790001302
2026-09-21T14:43:05Z,42,22,372,324,1790001602
2026-09-21T14:48:05Z,41,21,362,324,1790001902
2026-09-21T14:53:05Z,41,22,349,324,1790002202
2026-09-21T14:58:05Z,41,20,349,225,1790002502
2026-09-21T15:03:05Z,40,19,349,197,1790002802
2026-09-21T15:08:05Z,40,20,344,197,1790003102
2026-09-21T15:13:05Z,44,20,344,197,1790003402
2026-09-21T15:18:05Z,43,20,388,197,1790003701
2026-09-21T15:23:05Z,42,19,289,197,1790004001
2026-09-21T15:28:05Z,45,19,286,197,1790004301
2026-09-21T15:33:05Z,47,19,274,197,1790004601
2026-09-21T15:38:05Z,47,18,274,197,1790004901
2026-09-21T15:43:05Z,47,16,274,172,1790005202
2026-09-21T15:48:05Z,48,13,264,172,1790005503
2026-09-21T15:53:05Z,48,14,264,172,1790005802
2026-09-21T15:58:05Z,49,14,264,172,1790006102
2026-09-21T16:03:05Z,47,14,264,172,1790006402
2026-09-21T16:08:05Z,49,13,264,172,1790006701
2026-09-21T16:13:05Z,52,14,259,172,1790007002
2026-09-21T16:18:05Z,54,11,259,172,1790007301
2026-09-21T16:23:06Z,53,13,246,172,1790007601
2026-09-21T16:28:06Z,55,15,245,172,1790007902
2026-09-21T16:33:05Z,52,17,505,172,1790008202
2026-09-21T16:38:05Z,53,15,505,172,1790008502
2026-09-21T16:43:07Z,52,14,505,172,1790008802
2026-09-21T16:48:05Z,56,15,517,0,1790009103
2026-09-21T16:53:05Z,53,18,549,0,1790009402
2026-09-21T16:58:05Z,53,19,551,0,1790009702
2026-09-21T17:03:04Z,54,20,411,0,1790010002
2026-09-21T17:08:04Z,52,19,419,0,1790010302
2026-09-21T17:13:04Z,49,22,419,0,1790010602
2026-09-21T17:18:04Z,48,18,419,0,1790010901
2026-09-21T17:23:04Z,44,20,391,0,1790011202
2026-09-21T17:28:04Z,44,20,391,0,1790011502
2026-09-21T17:33:04Z,41,17,359,0,1790011802
2026-09-21T17:38:04Z,39,18,381,0,1790012102
2026-09-21T17:43:04Z,38,15,299,0,1790012402
2026-09-21T17:48:04Z,36,16,78,0,1790012702
2026-09-21T17:53:04Z,35,13,79,0,1790013002
2026-09-21T17:58:04Z,33,13,78,0,1790013302
2026-09-21T18:03:05Z,32,14,77,0,1790013602
2026-09-21T18:08:04Z,31,14,76,0,1790013902
2026-09-21T18:13:05Z,33,13,47,0,1790014202
2026-09-21T18:18:04Z,31,11,47,0,1790014502
2026-09-21T18:23:04Z,31,11,47,0,1790014802
2026-09-21T18:28:04Z,29,10,47,0,1790015102
2026-09-21T18:33:05Z,28,11,47,0,1790015402
2026-09-21T18:38:04Z,24,12,51,0,1790015702
2026-09-21T18:43:05Z,22,11,51,0,1790016002
2026-09-21T18:48:05Z,23,9,51,0,1790016302
2026-09-21T18:53:05Z,21,10,51,0,1790016602
2026-09-21T18:58:05Z,20,11,154,0,1790016902
2026-09-21T19:03:04Z,20,10,154,0,1790017202
2026-09-21T19:08:04Z,19,11,153,0,1790017502
2026-09-21T19:13:05Z,19,9,42,0,1790017802
2026-09-21T19:18:05Z,19,8,42,0,1790018102
2026-09-21T19:23:07Z,19,6,42,0,1790018403
2026-09-21T19:28:05Z,18,7,42,0,1790018701
2026-09-21T19:33:05Z,17,8,42,0,1790019001
2026-09-21T19:38:05Z,16,9,15,0,1790019301
2026-09-21T19:43:05Z,15,9,13,0,1790019601
2026-09-21T19:48:05Z,13,10,14,0,1790019902
2026-09-21T19:53:05Z,12,9,46,0,1790020202
2026-09-21T19:58:05Z,10,10,46,0,1790020501
2026-09-21T20:03:05Z,9,10,46,0,1790020801
